season,gw,fpl_id,name,pos,team,price,proj_pts
2023-24,1,291,Alisson,GK,LIV,5.5,3.910136919
2023-24,1,520,Vicario,GK,TOT,5.0,4.136571176
2023-24,1,352,Ederson,GK,MCI,5.5,3.880864145
2023-24,1,49,E Martinez,GK,AVL,5.0,3.491811114
2023-24,1,17,Ramsdale,GK,ARS,5.0,4.622369308
2023-24,1,597,Andre Onana,GK,MUN,5.0,4.020393585
2023-24,1,187,Kepa,GK,CHE,5.0,3.940396771
2023-24,1,424,Pope,GK,NEW,5.5,3.779921462
2023-24,1,230,Johnstone,GK,CRY,4.5,4.053119065
2023-24,1,263,Pickford,GK,EVE,4.5,3.771992764
2023-24,1,148,Steele,GK,BHA,4.5,4.686094198
2023-24,1,101,Flekken,GK,BRE,4.5,3.119172666
2023-24,1,275,Leno,GK,FUL,4.5,3.453029872
2023-24,1,77,N Neto,GK,BOU,4.5,3.655144575
2023-24,1,569,Sa,GK,WOL,5.0,2.653420728
2023-24,1,533,Fabianski,GK,WHU,4.5,3.472005889
2023-24,1,596,Trafford,GK,BUR,4.5,0.103195453
2023-24,1,482,Foderingham,GK,SHU,4.5,3.201694365
2023-24,1,614,Kaminski,GK,LUT,4.5,2.495218
2023-24,1,28,Turner,GK,NFO,4.0,2.363791337
2023-24,1,385,Henderson,GK,MUN,4.5,0.080500804
2023-24,1,145,Sanchez,GK,CHE,4.5,0.153393571
2023-24,1,113,Raya,GK,ARS,5.0,0.217133704
2023-24,1,152,Verbruggen,GK,BHA,4.5,0.201419809
2023-24,1,361,Ortega,GK,MCI,4.0,0.32059683
2023-24,1,524,Areola,GK,WHU,4.0,0.142105642
2023-24,1,172,Muric,GK,BUR,4.5,2.335564592
2023-24,1,227,Guaita,GK,CRY,4.5,0.0
2023-24,1,53,Olsen,GK,AVL,4.0,0.060873638
2023-24,1,301,Kelleher,GK,LIV,4.0,0.069480553
2023-24,1,479,A Davies,GK,SHU,4.0,0.063249299
2023-24,1,335,Shea,GK,LUT,4.5,0.050880301
2023-24,1,266,Virginia,GK,EVE,4.0,0.068045618
2023-24,1,116,Strakosha,GK,BRE,4.0,0.053820047
2023-24,1,498,Forster,GK,TOT,4.0,0.064858112
2023-24,1,284,Rodak,GK,FUL,4.0,0.057774674
2023-24,1,409,Dubravka,GK,NEW,4.0,0.072008078
2023-24,1,546,Bentley,GK,WOL,4.0,0.050030292
2023-24,1,384,Heaton,GK,MUN,4.0,0.0
2023-24,1,289,Adrian,GK,LIV,4.0,0.0
2023-24,1,243,Whitworth,GK,CRY,4.0,0.070771158
2023-24,1,88,Travers,GK,BOU,4.0,0.065069879
2023-24,1,448,Hennessey,GK,NFO,4.0,0.103413177
2023-24,1,290,Trent,DEF,LIV,8.0,3.945195802
2023-24,1,206,James,DEF,CHE,5.5,3.439813399
2023-24,1,430,Trippier,DEF,NEW,6.5,4.676952743
2023-24,1,5,Gabriel,DEF,ARS,5.0,4.841556523
2023-24,1,307,Robertson,DEF,LIV,6.5,2.728982398
2023-24,1,195,Chilwell,DEF,CHE,5.5,2.964160138
2023-24,1,313,van Dijk,DEF,LIV,6.0,3.068566055
2023-24,1,131,Estupinan,DEF,BHA,5.0,5.263091547
2023-24,1,398,Shaw,DEF,MUN,5.5,4.714447179
2023-24,1,29,White,DEF,ARS,5.5,4.231222588
2023-24,1,20,Saliba,DEF,ARS,5.0,4.175465316
2023-24,1,368,Stones,DEF,MCI,5.5,3.632722412
2023-24,1,616,Gvardiol,DEF,MCI,5.0,3.22087635
2023-24,1,350,Dias,DEF,MCI,5.5,3.773043059
2023-24,1,129,Dunk,DEF,BHA,5.0,4.51617154
2023-24,1,391,L Martinez,DEF,MUN,5.0,4.05901137
2023-24,1,217,T Silva,DEF,CHE,5.0,2.375039497
2023-24,1,427,Schar,DEF,NEW,5.0,3.732539499
2023-24,1,395,Varane,DEF,MUN,5.0,3.80805744
2023-24,1,302,Konate,DEF,LIV,5.0,2.337828557
2023-24,1,405,Botman,DEF,NEW,4.5,3.60226124
2023-24,1,342,Ake,DEF,MCI,5.0,2.260531023
2023-24,1,197,Colwill,DEF,CHE,4.5,1.917648154
2023-24,1,265,Tarkowski,DEF,EVE,4.5,3.621601171
2023-24,1,506,Porro,DEF,TOT,5.0,2.375758763
2023-24,1,36,Cash,DEF,AVL,4.5,2.844872014
2023-24,1,369,Walker,DEF,MCI,5.0,1.602072065
2023-24,1,407,Burn,DEF,NEW,4.5,3.109736381
2023-24,1,511,Romero,DEF,TOT,4.5,2.882619352
2023-24,1,401,Wan-Bissaka,DEF,MUN,4.5,2.68356582
2023-24,1,257,Keane,DEF,EVE,4.5,3.216826924
2023-24,1,584,Torres,DEF,AVL,4.5,2.452150736
2023-24,1,585,Timber,DEF,ARS,5.0,3.111975827
2023-24,1,103,Henry,DEF,BRE,4.5,2.650490005
2023-24,1,31,Zinchenko,DEF,ARS,5.0,1.66585318
2023-24,1,51,Mings,DEF,AVL,4.5,2.170769545
2023-24,1,341,Akanji,DEF,MCI,5.0,3.141178374
2023-24,1,153,Webster,DEF,BHA,4.5,3.414161246
2023-24,1,112,Pinnock,DEF,BRE,4.5,2.685285756
2023-24,1,220,J Andersen,DEF,CRY,4.5,3.66156304
2023-24,1,377,Dalot,DEF,MUN,5.0,2.316600486
2023-24,1,109,Mee,DEF,BRE,5.0,2.62099088
2023-24,1,228,Guehi,DEF,CRY,4.5,3.503810658
2023-24,1,522,Aguerd,DEF,WHU,4.5,2.643118274
2023-24,1,48,Konsa,DEF,AVL,4.5,2.736559027
2023-24,1,191,Badiashile,DEF,CHE,4.5,0.864303133
2023-24,1,519,Udogie,DEF,TOT,4.5,2.526454978
2023-24,1,42,Digne,DEF,AVL,4.5,0.894410128
2023-24,1,104,Hickey,DEF,BRE,4.5,2.218497529
2023-24,1,497,Emerson R,DEF,TOT,4.5,1.22007905
2023-24,1,611,Disasi,DEF,CHE,5.0,1.185450748
2023-24,1,507,Perisic,DEF,TOT,5.0,2.138814323
2023-24,1,495,B Davies,DEF,TOT,4.5,1.221870081
2023-24,1,262,Patterson,DEF,EVE,4.5,2.905719163
2023-24,1,176,Roberts,DEF,BUR,4.5,1.677609323
2023-24,1,588,Young,DEF,EVE,4.5,1.428036864
2023-24,1,298,J Gomez,DEF,LIV,4.5,0.620720668
2023-24,1,32,Moreno,DEF,AVL,5.0,0.0
2023-24,1,242,Ward,DEF,CRY,4.5,2.696540998
2023-24,1,544,Zouma,DEF,WHU,4.5,2.119392704
2023-24,1,551,Dawson,DEF,WOL,4.5,1.892158384
2023-24,1,234,Mitchell,DEF,CRY,4.5,3.080636251
2023-24,1,563,Kilman,DEF,WOL,4.5,1.857269467
2023-24,1,473,Baldock,DEF,SHU,4.0,3.044622895
2023-24,1,528,Coufal,DEF,WHU,4.5,2.479692003
2023-24,1,255,Holgate,DEF,EVE,4.0,0.553497462
2023-24,1,96,Collins,DEF,BRE,4.5,1.896432163
2023-24,1,532,Emerson P,DEF,WHU,4.5,2.174825109
2023-24,1,89,Zabarnyi,DEF,BOU,4.5,1.505877207
2023-24,1,305,Matip,DEF,LIV,5.0,0.83690512
2023-24,1,151,Veltman,DEF,BHA,4.5,3.373265126
2023-24,1,357,Laporte,DEF,MCI,5.0,0.496166529
2023-24,1,572,Semedo,DEF,WOL,4.5,1.564955486
2023-24,1,25,Tomiyasu,DEF,ARS,4.5,0.315443308
2023-24,1,160,Beyer,DEF,BUR,4.0,1.42001969
2023-24,1,90,Ajer,DEF,BRE,4.5,0.471919756
2023-24,1,553,Giles,DEF,LUT,4.5,1.693261499
2023-24,1,83,Senesi,DEF,BOU,4.5,3.17085824
2023-24,1,321,Doughty,DEF,LUT,4.5,1.099647602
2023-24,1,610,Bassey,DEF,FUL,4.5,1.561483441
2023-24,1,157,Al-Dakhil,DEF,BUR,4.0,0.404425452
2023-24,1,386,Lindelof,DEF,MUN,4.5,0.722883487
2023-24,1,548,Bueno,DEF,WOL,4.5,1.11822395
2023-24,1,471,Ahmedhodzic,DEF,SHU,4.5,3.134201041
2023-24,1,467,Williams,DEF,NFO,4.5,0.319635068
2023-24,1,283,A Robinson,DEF,FUL,4.5,2.454708103
2023-24,1,285,Tete,DEF,FUL,4.5,2.082427409
2023-24,1,173,O'Shea,DEF,BUR,4.5,1.530865778
2023-24,1,222,Clyne,DEF,CRY,4.5,0.571611644
2023-24,1,182,Vitinho,DEF,BUR,4.5,0.752756607
2023-24,1,530,Cresswell,DEF,WHU,4.5,0.882508038
2023-24,1,436,Aurier,DEF,NFO,4.5,1.736337554
2023-24,1,10,Kiwior,DEF,ARS,4.5,0.360470419
2023-24,1,496,Dier,DEF,TOT,4.5,0.468829602
2023-24,1,198,Cucurella,DEF,CHE,5.0,0.727755472
2023-24,1,75,Mepham,DEF,BOU,4.5,0.823687507
2023-24,1,537,Kehrer,DEF,WHU,4.5,0.848392118
2023-24,1,260,Mykolenko,DEF,EVE,4.5,2.061339796
2023-24,1,480,Egan,DEF,SHU,4.5,3.024924131
2023-24,1,194,Chalobah,DEF,CHE,4.5,0.232084592
2023-24,1,358,Lewis,DEF,MCI,4.5,0.737197175
2023-24,1,203,Gusto,DEF,CHE,4.0,0.646922343
2023-24,1,633,Livramento,DEF,NEW,4.5,0.0
2023-24,1,604,Aina,DEF,NFO,4.5,1.59403486
2023-24,1,389,Malacia,DEF,MUN,4.5,0.637269255
2023-24,1,252,Godfrey,DEF,EVE,4.5,1.518827503
2023-24,1,271,Diop,DEF,FUL,4.5,1.919557591
2023-24,1,575,Lockyer,DEF,LUT,4.5,2.107308537
2023-24,1,639,van de Ven,DEF,TOT,3.5,1.795275207
2023-24,1,474,Basham,DEF,SHU,4.0,0.839658308
2023-24,1,419,Lascelles,DEF,NEW,4.0,0.312103698
2023-24,1,508,Reguilon,DEF,TOT,4.5,0.231247399
2023-24,1,178,Taylor,DEF,BUR,4.0,0.649401528
2023-24,1,277,Mbabu,DEF,FUL,4.0,0.392336685
2023-24,1,484,Lowe,DEF,SHU,4.5,2.684616004
2023-24,1,41,Carlos,DEF,AVL,4.5,1.62243439
2023-24,1,27,Trusty,DEF,SHU,4.0,0.957883599
2023-24,1,602,Kabore,DEF,LUT,4.0,1.950043296
2023-24,1,387,Maguire,DEF,WHU,4.5,2.430409795
2023-24,1,606,Igor,DEF,BHA,4.5,1.632513829
2023-24,1,576,J Robinson,DEF,SHU,4.5,2.559186015
2023-24,1,318,Burke,DEF,LUT,4.0,0.133753929
2023-24,1,286,Adarabioyo,DEF,FUL,4.5,0.767468679
2023-24,1,457,Niakhate,DEF,NFO,4.5,0.622677163
2023-24,1,238,C Richards,DEF,CRY,4.0,0.966196501
2023-24,1,70,Kelly,DEF,BOU,4.5,2.934029407
2023-24,1,476,Bogle,DEF,SHU,4.5,0.431436246
2023-24,1,598,Doherty,DEF,WOL,4.5,0.912373174
2023-24,1,315,M Andersen,DEF,LUT,4.0,1.152053849
2023-24,1,455,McKenna,DEF,NFO,4.5,1.470553536
2023-24,1,445,Felipe,DEF,NFO,4.5,0.0
2023-24,1,247,Coleman,DEF,EVE,4.5,0.0
2023-24,1,469,Worrall,DEF,NFO,4.5,1.520407167
2023-24,1,84,Smith,DEF,BOU,4.5,0.464238714
2023-24,1,245,Branthwaite,DEF,EVE,4.0,0.261631498
2023-24,1,577,Ogbonna,DEF,WHU,4.5,0.194841405
2023-24,1,417,Krafth,DEF,NEW,4.5,0.409468484
2023-24,1,595,Kerkez,DEF,BOU,4.5,2.024005831
2023-24,1,461,O Richards,DEF,NFO,4.5,0.318009939
2023-24,1,439,Boly,DEF,NFO,4.5,1.315963431
2023-24,1,316,Bell,DEF,LUT,4.0,1.890877582
2023-24,1,592,Larouci,DEF,SHU,4.5,0.441461293
2023-24,1,68,Fredericks,DEF,BOU,4.5,0.0
2023-24,1,167,Ekdal,DEF,BUR,4.0,1.243700323
2023-24,1,311,Tsimikas,DEF,LIV,4.5,0.673501943
2023-24,1,333,Potts,DEF,LUT,4.0,0.144569467
2023-24,1,573,Toti,DEF,WOL,4.5,0.577482714
2023-24,1,545,Ait-Nouri,DEF,WOL,4.5,0.485211073
2023-24,1,330,Osho,DEF,LUT,4.5,2.087833221
2023-24,1,428,Targett,DEF,NEW,4.5,1.1454271
2023-24,1,281,Ream,DEF,FUL,4.5,1.737581398
2023-24,1,114,Roerslev,DEF,BRE,4.5,0.601839033
2023-24,1,560,Jonny,DEF,WOL,4.5,0.633594885
2023-24,1,536,Ben Johnson,DEF,WHU,4.5,0.605966313
2023-24,1,204,Hall,DEF,CRY,4.5,0.767893625
2023-24,1,308,Salah,MID,LIV,12.5,4.744702172
2023-24,1,373,Fernandes,MID,MUN,8.5,6.630633643
2023-24,1,396,Rashford,MID,MUN,9.0,6.639050432
2023-24,1,19,Saka,MID,ARS,8.5,5.84975834
2023-24,1,516,Son,MID,TOT,9.0,5.340833324
2023-24,1,349,De Bruyne,MID,MCI,10.5,4.882043258
2023-24,1,14,Odegaard,MID,ARS,8.5,6.034510323
2023-24,1,108,Mbeumo,MID,BRE,6.5,4.38214702
2023-24,1,12,Martinelli,MID,ARS,8.0,5.548416993
2023-24,1,504,Maddison,MID,TOT,7.5,4.439550667
2023-24,1,6,Havertz,MID,ARS,7.5,5.523172694
2023-24,1,216,Sterling,MID,CHE,7.0,3.819069034
2023-24,1,509,Richarlison,MID,TOT,7.0,3.67640649
2023-24,1,354,Grealish,MID,MCI,7.5,4.030529148
2023-24,1,226,Eze,MID,CRY,6.5,4.820553021
2023-24,1,526,Bowen,MID,WHU,7.0,4.598150712
2023-24,1,143,Mitoma,MID,BHA,6.5,5.547155822
2023-24,1,599,Diaby,MID,AVL,6.5,3.612913339
2023-24,1,134,Gross,MID,BHA,6.5,4.799772529
2023-24,1,353,Foden,MID,MCI,7.5,3.374911533
2023-24,1,447,Gibbs-White,MID,NFO,6.0,3.136094456
2023-24,1,140,March,MID,BHA,6.5,4.594034233
2023-24,1,209,Mount,MID,MUN,7.0,3.98376373
2023-24,1,267,Pereira,MID,FUL,5.5,3.657248572
2023-24,1,303,Diaz,MID,LIV,7.5,2.05134804
2023-24,1,294,Jota,MID,LIV,8.0,2.094414773
2023-24,1,344,B Silva,MID,MCI,6.5,3.212249822
2023-24,1,304,Mac Allister,MID,LIV,6.0,3.19548298
2023-24,1,372,Antony,MID,MUN,7.0,4.094098006
2023-24,1,501,Kulusevski,MID,TOT,7.0,3.40760232
2023-24,1,591,Willian,MID,FUL,5.5,2.669375078
2023-24,1,199,Fernandez,MID,CHE,5.0,3.101049439
2023-24,1,539,Paqueta,MID,WHU,6.0,3.451023911
2023-24,1,601,Danjuma,MID,EVE,5.5,4.011045367
2023-24,1,376,Casemiro,MID,MUN,5.5,4.08381637
2023-24,1,210,Mudryk,MID,CHE,6.5,2.59085541
2023-24,1,365,Rodri,MID,MCI,5.5,3.471761316
2023-24,1,402,Almiron,MID,NEW,6.5,2.678340559
2023-24,1,406,Guimaraes,MID,NEW,6.0,3.721838416
2023-24,1,26,Trossard,MID,ARS,7.0,3.2439852
2023-24,1,256,Iwobi,MID,EVE,5.5,3.547400499
2023-24,1,603,Barnes,MID,NEW,6.5,3.683132172
2023-24,1,221,Ayew,MID,CRY,5.5,3.36076062
2023-24,1,34,Bailey,MID,AVL,5.5,2.385159405
2023-24,1,309,Szoboszlai,MID,LIV,7.0,2.276979105
2023-24,1,416,Joelinton,MID,NEW,6.0,3.368336316
2023-24,1,43,Luiz,MID,AVL,5.5,2.490336018
2023-24,1,450,Brennan Johnson,MID,NFO,6.0,2.356291232
2023-24,1,253,Gray,MID,EVE,5.5,3.645926567
2023-24,1,130,Enciso,MID,BHA,5.5,3.271906286
2023-24,1,236,Olise,MID,CRY,6.0,0.927548653
2023-24,1,63,Billing,MID,BOU,5.5,3.503885876
2023-24,1,202,Gallagher,MID,CHE,5.5,2.546676625
2023-24,1,525,Benrahma,MID,WHU,6.0,2.66178309
2023-24,1,249,A Doucoure,MID,EVE,5.5,3.208461079
2023-24,1,429,Tonali,MID,NEW,5.5,3.232974578
2023-24,1,397,Sancho,MID,MUN,7.0,3.423155078
2023-24,1,106,Jensen,MID,BRE,5.5,2.656881671
2023-24,1,503,Lo Celso,MID,TOT,5.0,2.097211232
2023-24,1,128,Dahoud,MID,BHA,5.0,3.152457246
2023-24,1,50,McGinn,MID,AVL,5.5,2.32813391
2023-24,1,570,Sarabia,MID,WOL,5.0,2.617985803
2023-24,1,78,Ouattara,MID,BOU,5.0,2.834669257
2023-24,1,58,Tielemans,MID,AVL,6.0,1.878621324
2023-24,1,630,Barkley,MID,LUT,3.5,2.729556001
2023-24,1,240,Schlupp,MID,CRY,5.0,2.536728444
2023-24,1,488,Norwood,MID,SHU,5.0,2.762243894
2023-24,1,567,P Neto,MID,WOL,5.5,2.626607183
2023-24,1,184,Zaroury,MID,BUR,5.0,2.075960082
2023-24,1,115,Schade,MID,BRE,5.5,2.232826964
2023-24,1,540,Rice,MID,ARS,5.5,3.372201391
2023-24,1,161,Brownhill,MID,BUR,5.0,2.496595816
2023-24,1,15,Partey,MID,ARS,5.0,2.558752129
2023-24,1,288,H Wilson,MID,FUL,5.5,1.579048621
2023-24,1,583,Solomon,MID,TOT,5.5,0.666150282
2023-24,1,110,Norgaard,MID,BRE,5.5,2.815990177
2023-24,1,62,Anthony,MID,BOU,5.0,0.442690452
2023-24,1,423,Murphy,MID,NEW,5.0,0.394897668
2023-24,1,55,J Ramsey,MID,AVL,6.0,0.0
2023-24,1,475,Berge,MID,BUR,5.0,2.410449718
2023-24,1,218,Ziyech,MID,CHE,5.5,0.865671311
2023-24,1,208,Madueke,MID,CHE,5.5,2.092928199
2023-24,1,64,Brooks,MID,BOU,5.0,0.782946859
2023-24,1,65,Christie,MID,BOU,5.0,1.106484882
2023-24,1,86,Tavernier,MID,BOU,5.5,2.470638384
2023-24,1,432,Willock,MID,NEW,5.5,0.521318017
2023-24,1,566,Nunes,MID,WOL,5.0,2.301462958
2023-24,1,276,Lukic,MID,FUL,4.5,0.987160655
2023-24,1,600,Redmond,MID,BUR,5.0,0.302884152
2023-24,1,542,Soucek,MID,WHU,5.0,2.598138754
2023-24,1,159,Benson,MID,BUR,5.5,1.529394049
2023-24,1,282,Reed,MID,FUL,5.0,1.950457594
2023-24,1,72,Kluivert,MID,BOU,5.0,2.993618473
2023-24,1,412,Gordon,MID,NEW,5.5,1.729602276
2023-24,1,442,Danilo,MID,NFO,5.5,1.992748995
2023-24,1,557,Hwang H,MID,WOL,5.5,2.496405129
2023-24,1,379,Eriksen,MID,MUN,6.0,3.270537769
2023-24,1,223,C Doucoure,MID,CRY,5.0,2.745884598
2023-24,1,98,Damsgaard,MID,BRE,5.0,1.449286094
2023-24,1,81,Rothwell,MID,BOU,5.0,0.694447205
2023-24,1,126,Caicedo,MID,LIV,5.0,0.0
2023-24,1,554,Guedes,MID,WOL,5.5,1.062337434
2023-24,1,587,Slimane,MID,SHU,5.0,2.373861654
2023-24,1,87,H Traore,MID,BOU,5.0,2.827484316
2023-24,1,231,Lerma,MID,CRY,5.0,2.698079326
2023-24,1,250,Garner,MID,EVE,5.0,2.229394589
2023-24,1,586,Chong,MID,LUT,5.0,1.533655268
2023-24,1,180,Twine,MID,BUR,5.0,0.630550007
2023-24,1,105,Janelt,MID,BRE,5.5,2.341496425
2023-24,1,421,S Longstaff,MID,NEW,5.0,0.416352102
2023-24,1,165,Cullen,MID,BUR,5.0,1.906655961
2023-24,1,107,Lewis-Potter,MID,BRE,5.0,1.602029079
2023-24,1,392,McTominay,MID,MUN,5.0,1.357666262
2023-24,1,47,Kamara,MID,AVL,5.0,1.613382536
2023-24,1,470,Yates,MID,NFO,5.0,1.920399769
2023-24,1,170,Gudmundsson,MID,BUR,5.0,0.869302237
2023-24,1,356,Kovacic,MID,MCI,5.0,2.503503488
2023-24,1,378,Elanga,MID,NFO,5.0,0.901396639
2023-24,1,205,Hudson-Odoi,MID,FUL,5.0,1.898054655
2023-24,1,568,Podence,MID,WOL,5.5,1.102319931
2023-24,1,229,Hughes,MID,CRY,5.0,0.871391342
2023-24,1,505,Ndombele,MID,TOT,4.5,0.356741756
2023-24,1,489,Osborn,MID,SHU,5.0,2.027652705
2023-24,1,38,Coutinho,MID,AVL,6.0,1.788238382
2023-24,1,534,Fornals,MID,WHU,5.0,1.897260156
2023-24,1,493,Bissouma,MID,TOT,5.0,1.512469252
2023-24,1,608,Bruun Larsen,MID,BUR,5.0,0.164997723
2023-24,1,163,Cork,MID,BUR,5.0,0.593906621
2023-24,1,254,Gueye,MID,EVE,5.0,2.257497537
2023-24,1,133,Gilmour,MID,BHA,5.0,2.060802823
2023-24,1,295,Elliott,MID,LIV,5.0,1.317266827
2023-24,1,219,Ahamada,MID,CRY,4.5,0.318133493
2023-24,1,268,Cairney,MID,FUL,5.0,0.573975393
2023-24,1,125,Buonanotte,MID,BHA,5.0,1.45821304
2023-24,1,565,Lemina,MID,WOL,5.0,1.983764297
2023-24,1,453,Mangala,MID,NFO,5.0,1.805228018
2023-24,1,362,Palmer,MID,MCI,5.0,0.957762923
2023-24,1,52,Nakamba,MID,LUT,4.5,2.168999506
2023-24,1,642,E Alvarez,MID,WHU,3.5,2.486793428
2023-24,1,66,Cook,MID,BOU,5.0,2.178759777
2023-24,1,492,Bentancur,MID,TOT,5.5,0.0
2023-24,1,300,Jones,MID,LIV,5.0,2.290476279
2023-24,1,270,Reid,MID,FUL,5.5,1.941943777
2023-24,1,527,Cornet,MID,WHU,5.5,1.185668681
2023-24,1,458,O'Brien,MID,NFO,5.0,0.145608455
2023-24,1,499,Hojbjerg,MID,TOT,5.5,2.459273441
2023-24,1,582,Mpanzu,MID,LUT,5.0,1.968788549
2023-24,1,292,Bajcetic,MID,LIV,5.0,0.447058439
2023-24,1,259,McNeil,MID,EVE,5.5,0.0
2023-24,1,35,Buendia,MID,AVL,6.0,0.0
2023-24,1,446,Freuler,MID,NFO,5.0,0.814073072
2023-24,1,99,Dasilva,MID,BRE,5.0,1.061428198
2023-24,1,515,Skipp,MID,TOT,5.0,0.584962153
2023-24,1,322,Freeman,MID,LUT,5.0,0.327759864
2023-24,1,9,Jorginho,MID,ARS,5.5,0.629131306
2023-24,1,559,Gomes,MID,WOL,5.0,1.89119545
2023-24,1,280,Palhinha,MID,FUL,5.0,2.550363659
2023-24,1,319,Campbell,MID,LUT,5.0,0.944339722
2023-24,1,613,Ugochukwu,MID,CHE,4.5,0.302337535
2023-24,1,403,Anderson,MID,NEW,4.5,0.806025006
2023-24,1,22,Smith Rowe,MID,ARS,5.5,1.003231583
2023-24,1,462,Scarpa,MID,NFO,4.5,1.116926347
2023-24,1,261,Amadou Onana,MID,EVE,5.0,1.333757613
2023-24,1,4,Vieira,MID,ARS,5.5,0.748746973
2023-24,1,138,Lallana,MID,BHA,5.0,2.126864794
2023-24,1,320,Clark,MID,LUT,5.0,0.142456218
2023-24,1,481,Fleck,MID,SHU,5.0,1.928478688
2023-24,1,310,Thiago,MID,LIV,5.0,1.602988444
2023-24,1,196,Chukwuemeka,MID,CHE,4.5,2.068188175
2023-24,1,92,Baptiste,MID,BRE,4.5,0.693564099
2023-24,1,364,Phillips,MID,MCI,5.0,0.474177845
2023-24,1,463,Shelvey,MID,NFO,5.0,0.313251426
2023-24,1,451,Kouyate,MID,NFO,5.0,0.762190198
2023-24,1,609,Maatsen,MID,CHE,5.5,0.540556756
2023-24,1,142,Milner,MID,BHA,5.0,1.21273648
2023-24,1,111,Onyeka,MID,BRE,5.0,1.126871493
2023-24,1,574,Boubacar Traore,MID,WOL,4.5,1.010239968
2023-24,1,40,Dendoncker,MID,AVL,5.0,0.458131924
2023-24,1,21,Lokonga,MID,BUR,5.0,1.005500674
2023-24,1,638,Souza,MID,SHU,3.5,1.592058181
2023-24,1,355,Haaland,FWD,MCI,14.0,6.792524593
2023-24,1,60,Watkins,FWD,AVL,8.0,4.115527607
2023-24,1,211,Jackson,FWD,CHE,7.0,3.5159544
2023-24,1,415,Isak,FWD,NEW,7.5,3.973798552
2023-24,1,85,Solanke,FWD,BOU,6.5,4.401142136
2023-24,1,433,C Wilson,FWD,NEW,8.0,3.827871055
2023-24,1,293,Nunez,FWD,LIV,7.5,2.285650808
2023-24,1,343,J Alvarez,FWD,MCI,6.5,3.513700774
2023-24,1,8,Jesus,FWD,ARS,8.0,0.0
2023-24,1,119,Wissa,FWD,BRE,6.0,3.059006482
2023-24,1,246,Calvert-Lewin,FWD,EVE,6.0,4.244436907
2023-24,1,278,Mitrovic,FWD,FUL,7.5,2.654334141
2023-24,1,297,Gakpo,FWD,LIV,7.5,2.283986742
2023-24,1,437,Awoniyi,FWD,NFO,6.5,1.142770063
2023-24,1,593,Benie Traore,FWD,SHU,5.5,3.634469866
2023-24,1,135,Pedro,FWD,BHA,5.5,3.093527179
2023-24,1,326,Morris,FWD,LUT,5.5,2.720147504
2023-24,1,225,Edouard,FWD,CRY,5.5,3.308882057
2023-24,1,590,Cunha,FWD,WOL,5.5,2.63603781
2023-24,1,617,Hojlund,FWD,MUN,7.0,0.764073938
2023-24,1,314,Adebayo,FWD,LUT,5.0,2.406571722
2023-24,1,523,Antonio,FWD,WHU,6.0,2.750140338
2023-24,1,154,Welbeck,FWD,BHA,6.0,3.561520657
2023-24,1,132,E Ferguson,FWD,BHA,6.0,2.424875046
2023-24,1,594,Amdouni,FWD,BUR,5.5,2.208163001
2023-24,1,535,Ings,FWD,WHU,6.0,2.585291121
2023-24,1,485,McBurnie,FWD,SHU,5.5,2.808402602
2023-24,1,177,Rodriguez,FWD,BUR,5.5,1.9354172
2023-24,1,33,Archer,FWD,AVL,4.5,0.535657783
2023-24,1,558,Jimenez,FWD,FUL,5.5,2.339768569
2023-24,1,562,Kalajdzic,FWD,WOL,5.0,1.590025554
2023-24,1,258,Maupay,FWD,EVE,5.0,1.95699872
2023-24,1,328,Ogbene,FWD,LUT,5.0,1.158099694
2023-24,1,207,Lukaku,FWD,CHE,7.0,0.27630316
2023-24,1,193,Broja,FWD,CHE,5.0,0.0
2023-24,1,212,Nkunku,FWD,CHE,7.5,0.0
2023-24,1,117,Toney,FWD,BRE,8.0,0.0
2023-24,1,232,Mateta,FWD,CRY,5.0,2.377426725
2023-24,1,287,Vinicius,FWD,FUL,5.0,1.408880495
2023-24,1,483,Jebbison,FWD,SHU,5.0,0.619493008
2023-24,1,13,Nketiah,FWD,ARS,5.5,1.94144458
2023-24,1,552,F Silva,FWD,WOL,5.5,0.601757568
2023-24,1,168,Foster,FWD,BUR,5.0,0.840012453
2023-24,1,468,Wood,FWD,NFO,5.0,1.229806586
2023-24,1,641,Veliz,FWD,TOT,3.5,1.96770297
2023-24,1,490,Osula,FWD,SHU,4.5,2.003649697
2023-24,1,538,Mubama,FWD,WHU,4.5,0.278145095
2023-24,1,466,Hwang U,FWD,NFO,4.5,0.807151216
2023-24,1,174,Obafemi,FWD,BUR,5.0,0.292133693
2023-24,1,340,Woodrow,FWD,LUT,4.5,0.539657703
2023-24,1,477,Brewster,FWD,SHU,5.0,0.339313514
2023-24,1,76,Moore,FWD,BOU,5.0,1.239847229
2023-24,1,443,Dennis,FWD,NFO,5.0,1.495550431
2023-24,18,113,Raya,GK,ARS,4.9,2.946007565
2023-24,18,49,E Martinez,GK,AVL,4.9,4.664865013
2023-24,18,291,Alisson,GK,LIV,5.6,2.837623259
2023-24,18,352,Ederson,GK,MCI,5.5,0.0
2023-24,18,275,Leno,GK,FUL,4.7,4.283177072
2023-24,18,77,N Neto,GK,BOU,4.5,3.940579612
2023-24,18,520,Vicario,GK,TOT,5.2,3.460372909
2023-24,18,569,Sa,GK,WOL,5.0,3.25852294
2023-24,18,409,Dubravka,GK,NEW,4.0,4.26315729
2023-24,18,263,Pickford,GK,EVE,4.4,3.004745635
2023-24,18,101,Flekken,GK,BRE,4.5,0.0
2023-24,18,230,Johnstone,GK,CRY,4.7,0.066585758
2023-24,18,482,Foderingham,GK,SHU,4.5,2.758086092
2023-24,18,614,Kaminski,GK,LUT,4.5,2.913845969
2023-24,18,597,Andre Onana,GK,MUN,4.8,3.313937384
2023-24,18,596,Trafford,GK,BUR,4.5,3.221922135
2023-24,18,28,Turner,GK,NFO,4.0,2.705180649
2023-24,18,533,Fabianski,GK,WHU,4.2,0.185585436
2023-24,18,145,Sanchez,GK,CHE,4.6,0.072852672
2023-24,18,152,Verbruggen,GK,BHA,4.4,1.26891574
2023-24,18,148,Steele,GK,BHA,4.3,2.321154987
2023-24,18,687,Petrovic,GK,CHE,4.5,3.638244049
2023-24,18,524,Areola,GK,WHU,4.3,2.923863358
2023-24,18,695,Bayindir,GK,MUN,4.0,0.055738373
2023-24,18,385,Henderson,GK,CRY,4.4,3.523883915
2023-24,18,172,Muric,GK,BUR,4.3,0.056661101
2023-24,18,710,Vlachodimos,GK,NFO,4.5,0.707549189
2023-24,18,17,Ramsdale,GK,ARS,4.6,0.156029588
2023-24,18,361,Ortega,GK,MCI,3.9,0.0
2023-24,18,665,Krul,GK,LUT,4.4,0.049353643
2023-24,18,266,Virginia,GK,EVE,3.9,0.0535933
2023-24,18,498,Forster,GK,TOT,3.9,0.06333076
2023-24,18,284,Rodak,GK,FUL,3.9,0.072966993
2023-24,18,546,Bentley,GK,WOL,3.9,0.058536497
2023-24,18,479,A Davies,GK,SHU,4.0,0.040880533
2023-24,18,116,Strakosha,GK,BRE,3.9,0.0
2023-24,18,301,Kelleher,GK,LIV,4.0,0.689025152
2023-24,18,424,Pope,GK,NEW,5.5,0.081820742
2023-24,18,53,Olsen,GK,AVL,3.9,0.083672486
2023-24,18,10019,N Ferguson,DEF,CRY,3.5,0.214697312
2023-24,18,290,Trent,DEF,LIV,8.0,3.822869576
2023-24,18,430,Trippier,DEF,NEW,7.0,5.738408536
2023-24,18,5,Gabriel,DEF,ARS,4.9,2.817220314
2023-24,18,29,White,DEF,ARS,5.6,2.778789361
2023-24,18,20,Saliba,DEF,ARS,5.5,2.676925485
2023-24,18,506,Porro,DEF,TOT,5.3,4.472188581
2023-24,18,31,Zinchenko,DEF,ARS,5.2,2.791879044
2023-24,18,313,van Dijk,DEF,LIV,6.1,2.932108405
2023-24,18,584,Torres,DEF,AVL,4.6,1.890291904
2023-24,18,350,Dias,DEF,MCI,5.5,0.0
2023-24,18,48,Konsa,DEF,AVL,4.5,4.760777076
2023-24,18,195,Chilwell,DEF,CHE,5.4,0.0
2023-24,18,129,Dunk,DEF,BHA,5.0,3.367165055
2023-24,18,41,Carlos,DEF,AVL,4.4,4.350363934
2023-24,18,368,Stones,DEF,MCI,5.3,0.0
2023-24,18,42,Digne,DEF,AVL,4.7,2.896805358
2023-24,18,398,Shaw,DEF,MUN,5.2,2.852869327
2023-24,18,217,T Silva,DEF,CHE,5.0,3.239420659
2023-24,18,407,Burn,DEF,NEW,4.4,3.986492047
2023-24,18,616,Gvardiol,DEF,MCI,4.9,0.0
2023-24,18,131,Estupinan,DEF,BHA,5.0,0.0
2023-24,18,197,Colwill,DEF,CHE,4.5,3.287191741
2023-24,18,369,Walker,DEF,MCI,5.3,0.0
2023-24,18,519,Udogie,DEF,TOT,4.8,0.0
2023-24,18,427,Schar,DEF,NEW,5.3,2.407279385
2023-24,18,302,Konate,DEF,LIV,4.9,2.455851004
2023-24,18,271,Diop,DEF,FUL,4.4,0.0
2023-24,18,405,Botman,DEF,NEW,4.5,4.306478879
2023-24,18,611,Disasi,DEF,CHE,5.0,3.207937883
2023-24,18,307,Robertson,DEF,LIV,6.4,0.0
2023-24,18,83,Senesi,DEF,BOU,4.3,1.312446399
2023-24,18,191,Badiashile,DEF,CHE,4.4,2.53723651
2023-24,18,341,Akanji,DEF,MCI,4.9,0.0
2023-24,18,342,Ake,DEF,MCI,5.0,0.0
2023-24,18,286,Adarabioyo,DEF,FUL,4.3,0.369311012
2023-24,18,112,Pinnock,DEF,BRE,4.6,0.0
2023-24,18,228,Guehi,DEF,CRY,4.7,2.995483563
2023-24,18,391,L Martinez,DEF,MUN,4.7,0.0
2023-24,18,511,Romero,DEF,TOT,4.9,3.293554844
2023-24,18,639,van de Ven,DEF,TOT,4.5,0.0
2023-24,18,220,J Andersen,DEF,CRY,5.1,3.107721836
2023-24,18,401,Wan-Bissaka,DEF,MUN,4.4,2.44614283
2023-24,18,522,Aguerd,DEF,WHU,4.5,2.475034607
2023-24,18,544,Zouma,DEF,WHU,4.5,2.698589043
2023-24,18,234,Mitchell,DEF,CRY,4.7,2.879984888
2023-24,18,153,Webster,DEF,BHA,4.3,0.0
2023-24,18,283,A Robinson,DEF,FUL,4.4,3.381848453
2023-24,18,484,Lowe,DEF,SHU,4.3,0.0
2023-24,18,688,Castagne,DEF,FUL,4.5,3.307235109
2023-24,18,265,Tarkowski,DEF,EVE,4.4,2.244267673
2023-24,18,377,Dalot,DEF,MUN,5.0,0.0
2023-24,18,311,Tsimikas,DEF,LIV,4.9,2.698269625
2023-24,18,182,Vitinho,DEF,BUR,4.4,1.322823071
2023-24,18,173,O'Shea,DEF,BUR,4.4,1.176736238
2023-24,18,36,Cash,DEF,AVL,4.9,3.247639812
2023-24,18,551,Dawson,DEF,WOL,4.5,2.534686436
2023-24,18,532,Emerson P,DEF,WHU,4.5,2.576996345
2023-24,18,465,Toffolo,DEF,NFO,4.4,3.407547637
2023-24,18,321,Doughty,DEF,LUT,4.4,2.208430165
2023-24,18,298,J Gomez,DEF,LIV,4.5,1.370104136
2023-24,18,260,Mykolenko,DEF,EVE,4.4,2.077608081
2023-24,18,563,Kilman,DEF,WOL,4.5,2.515069998
2023-24,18,528,Coufal,DEF,WHU,4.6,2.466057858
2023-24,18,222,Clyne,DEF,CRY,4.4,1.943991129
2023-24,18,545,Ait-Nouri,DEF,WOL,4.5,1.535573673
2023-24,18,238,C Richards,DEF,CRY,3.9,1.478771516
2023-24,18,633,Livramento,DEF,NEW,4.3,2.941317255
2023-24,18,699,Lenglet,DEF,AVL,4.5,1.032681154
2023-24,18,198,Cucurella,DEF,CHE,4.8,0.0
2023-24,18,32,Moreno,DEF,AVL,5.0,2.838822424
2023-24,18,150,van Hecke,DEF,BHA,4.0,2.866577427
2023-24,18,27,Trusty,DEF,SHU,3.9,0.185493152
2023-24,18,572,Semedo,DEF,WOL,4.5,2.340063742
2023-24,18,10,Kiwior,DEF,ARS,4.3,1.117445041
2023-24,18,96,Collins,DEF,BRE,4.5,0.0
2023-24,18,109,Mee,DEF,BRE,4.8,0.0
2023-24,18,395,Varane,DEF,MUN,5.0,2.38669834
2023-24,18,316,Bell,DEF,LUT,3.9,0.345603724
2023-24,18,419,Lascelles,DEF,NEW,4.2,2.984836282
2023-24,18,643,Aarons,DEF,BOU,4.5,2.423754684
2023-24,18,496,Dier,DEF,TOT,4.2,1.387921228
2023-24,18,89,Zabarnyi,DEF,BOU,4.4,2.450101526
2023-24,18,508,Reguilon,DEF,MUN,4.4,1.505203028
2023-24,18,610,Bassey,DEF,FUL,4.4,3.406934295
2023-24,18,439,Boly,DEF,NFO,4.5,1.70035069
2023-24,18,696,Murillo,DEF,NFO,4.5,2.523381251
2023-24,18,595,Kerkez,DEF,BOU,4.4,2.343008465
2023-24,18,204,Hall,DEF,NEW,4.3,0.600423342
2023-24,18,262,Patterson,DEF,EVE,4.4,0.399232241
2023-24,18,389,Malacia,DEF,MUN,4.3,0.0
2023-24,18,457,Niakhate,DEF,NFO,4.5,1.50367775
2023-24,18,330,Osho,DEF,LUT,4.4,1.959732336
2023-24,18,676,Mavropanos,DEF,WHU,4.5,0.198604419
2023-24,18,495,B Davies,DEF,TOT,4.3,3.095774386
2023-24,18,245,Branthwaite,DEF,EVE,4.1,1.892772185
2023-24,18,167,Ekdal,DEF,BUR,3.9,0.0
2023-24,18,84,Smith,DEF,BOU,4.4,1.510851378
2023-24,18,476,Bogle,DEF,SHU,4.5,0.807373775
2023-24,18,575,Lockyer,DEF,LUT,4.3,1.97410658
2023-24,18,257,Keane,DEF,EVE,4.3,0.585067893
2023-24,18,247,Coleman,DEF,EVE,4.4,0.0
2023-24,18,75,Mepham,DEF,BOU,4.3,0.426421367
2023-24,18,160,Beyer,DEF,BUR,4.0,1.916636387
2023-24,18,252,Godfrey,DEF,EVE,4.3,0.265131611
2023-24,18,285,Tete,DEF,FUL,4.4,1.367001132
2023-24,18,178,Taylor,DEF,BUR,4.0,2.291487223
2023-24,18,121,Zanka,DEF,BRE,4.3,0.0
2023-24,18,315,M Andersen,DEF,LUT,3.9,0.0
2023-24,18,436,Aurier,DEF,NFO,4.5,1.032809984
2023-24,18,151,Veltman,DEF,BHA,4.4,0.0
2023-24,18,497,Emerson R,DEF,TOT,4.4,3.291744554
2023-24,18,37,Chambers,DEF,AVL,3.9,0.17106491
2023-24,18,588,Young,DEF,EVE,4.4,1.696870092
2023-24,18,206,James,DEF,CHE,5.4,0.0
2023-24,18,604,Aina,DEF,NFO,4.5,1.748762884
2023-24,18,573,Toti,DEF,WOL,4.4,2.184168243
2023-24,18,203,Gusto,DEF,CHE,4.1,2.729726688
2023-24,18,114,Roerslev,DEF,BRE,4.4,0.0
2023-24,18,445,Felipe,DEF,NFO,4.4,1.978381198
2023-24,18,467,Williams,DEF,NFO,4.3,1.161611097
2023-24,18,602,Kabore,DEF,LUT,4.0,1.706117471
2023-24,18,606,Igor,DEF,BHA,4.3,2.359310409
2023-24,18,358,Lewis,DEF,MCI,4.3,0.0
2023-24,18,473,Baldock,DEF,SHU,3.9,0.977598149
2023-24,18,104,Hickey,DEF,BRE,4.4,0.0
2023-24,18,560,Jonny,DEF,WOL,4.3,0.0
2023-24,18,428,Targett,DEF,NEW,4.2,0.0
2023-24,18,577,Ogbonna,DEF,WHU,4.3,0.179804507
2023-24,18,530,Cresswell,DEF,WHU,4.2,0.613519993
2023-24,18,23,Tavares,DEF,NFO,4.0,0.265912751
2023-24,18,70,Kelly,DEF,BOU,4.5,3.131238549
2023-24,18,139,Lamptey,DEF,BHA,4.0,0.0
2023-24,18,51,Mings,DEF,AVL,4.1,0.0
2023-24,18,194,Chalobah,DEF,CHE,4.3,0.0
2023-24,18,242,Ward,DEF,CRY,4.5,0.0
2023-24,18,25,Tomiyasu,DEF,ARS,4.5,0.0
2023-24,18,585,Timber,DEF,ARS,4.6,0.0
2023-24,18,305,Matip,DEF,LIV,4.9,0.0
2023-24,18,386,Lindelof,DEF,MUN,4.5,1.166852587
2023-24,18,679,Montiel,DEF,NFO,4.4,0.233056487
2023-24,18,7,Holding,DEF,CRY,4.3,0.409516331
2023-24,18,674,Delcroix,DEF,BUR,4.0,0.48838387
2023-24,18,366,S Gomez,DEF,MCI,3.9,0.0
2023-24,18,471,Ahmedhodzic,DEF,SHU,4.3,1.521182254
2023-24,18,417,Krafth,DEF,NEW,4.4,0.227263148
2023-24,18,90,Ajer,DEF,BRE,4.5,0.0
2023-24,18,469,Worrall,DEF,NFO,4.4,0.273879068
2023-24,18,455,McKenna,DEF,NFO,4.5,0.264688668
2023-24,18,598,Doherty,DEF,WOL,4.3,1.781688831
2023-24,18,536,Ben Johnson,DEF,WHU,4.4,0.491239386
2023-24,18,548,Bueno,DEF,WOL,4.4,1.443237285
2023-24,18,576,J Robinson,DEF,SHU,4.4,1.427929028
2023-24,18,537,Kehrer,DEF,WHU,4.3,0.752253467
2023-24,18,68,Fredericks,DEF,BOU,4.3,0.452102143
2023-24,18,592,Larouci,DEF,SHU,4.3,0.427605658
2023-24,18,318,Burke,DEF,LUT,4.0,1.177220136
2023-24,18,176,Roberts,DEF,BUR,4.4,2.539274596
2023-24,18,693,Thomas,DEF,SHU,4.0,1.294738965
2023-24,18,553,Giles,DEF,LUT,4.3,0.864689225
2023-24,18,281,Ream,DEF,FUL,4.5,3.77150868
2023-24,18,480,Egan,DEF,SHU,4.3,1.44288939
2023-24,18,387,Maguire,DEF,MUN,4.3,2.392113082
2023-24,18,157,Al-Dakhil,DEF,BUR,4.0,2.369918797
2023-24,18,474,Basham,DEF,SHU,4.0,1.036618395
2023-24,18,308,Salah,MID,LIV,13.1,5.050214166
2023-24,18,19,Saka,MID,ARS,8.9,4.004955958
2023-24,18,373,Fernandes,MID,MUN,8.3,4.903393077
2023-24,18,14,Odegaard,MID,ARS,8.3,3.974711925
2023-24,18,516,Son,MID,TOT,9.6,5.914485641
2023-24,18,526,Bowen,MID,WHU,7.6,4.908825612
2023-24,18,509,Richarlison,MID,TOT,6.6,4.23460207
2023-24,18,12,Martinelli,MID,ARS,7.8,3.229938089
2023-24,18,43,Luiz,MID,AVL,5.6,4.244927521
2023-24,18,353,Foden,MID,MCI,7.5,0.0
2023-24,18,216,Sterling,MID,CHE,7.0,3.856997602
2023-24,18,362,Palmer,MID,CHE,5.3,4.045306607
2023-24,18,226,Eze,MID,CRY,6.0,3.881753512
2023-24,18,134,Gross,MID,BHA,6.3,3.757242595
2023-24,18,349,De Bruyne,MID,MCI,10.2,0.0
2023-24,18,267,Pereira,MID,FUL,5.3,3.71365594
2023-24,18,664,Ward-Prowse,MID,WHU,6.1,4.227642093
2023-24,18,396,Rashford,MID,MUN,8.5,3.915395459
2023-24,18,501,Kulusevski,MID,TOT,7.0,4.291529256
2023-24,18,303,Diaz,MID,LIV,7.4,2.628143606
2023-24,18,6,Havertz,MID,ARS,7.1,3.203182571
2023-24,18,236,Olise,MID,CRY,5.8,3.571514218
2023-24,18,309,Szoboszlai,MID,LIV,7.1,2.721943385
2023-24,18,412,Gordon,MID,NEW,6.0,3.109499732
2023-24,18,450,Brennan Johnson,MID,TOT,5.8,3.620268316
2023-24,18,344,B Silva,MID,MCI,6.4,0.0
2023-24,18,259,McNeil,MID,EVE,5.4,3.086379281
2023-24,18,539,Paqueta,MID,WHU,6.0,3.585163779
2023-24,18,34,Bailey,MID,AVL,5.5,4.172501804
2023-24,18,599,Diaby,MID,AVL,6.7,4.397248842
2023-24,18,447,Gibbs-White,MID,NFO,5.7,3.739865075
2023-24,18,504,Maddison,MID,TOT,7.8,0.0
2023-24,18,591,Willian,MID,FUL,5.3,4.154932685
2023-24,18,661,Harrison,MID,EVE,5.5,2.744094478
2023-24,18,140,March,MID,BHA,6.1,0.0
2023-24,18,365,Rodri,MID,MCI,5.6,0.0
2023-24,18,304,Mac Allister,MID,LIV,5.8,2.692097386
2023-24,18,256,Iwobi,MID,FUL,5.3,3.267272156
2023-24,18,557,Hwang,MID,WOL,5.7,3.661783025
2023-24,18,50,McGinn,MID,AVL,5.5,3.907172545
2023-24,18,143,Mitoma,MID,BHA,6.5,3.657600866
2023-24,18,294,Jota,MID,LIV,7.7,3.037861955
2023-24,18,382,Garnacho,MID,MUN,4.7,2.840370644
2023-24,18,86,Tavernier,MID,BOU,5.4,2.592000869
2023-24,18,402,Almiron,MID,NEW,6.2,3.785676752
2023-24,18,689,Kudus,MID,WHU,6.6,2.899894641
2023-24,18,354,Grealish,MID,MCI,7.2,0.0
2023-24,18,678,Doku,MID,MCI,6.7,0.0
2023-24,18,406,Guimaraes,MID,NEW,5.8,3.604910184
2023-24,18,705,Sinisterra,MID,BOU,5.5,0.004002121
2023-24,18,21,Lokonga,MID,LUT,4.9,0.0
2023-24,18,416,Joelinton,MID,NEW,5.8,1.978649504
2023-24,18,540,Rice,MID,ARS,5.4,2.726832271
2023-24,18,199,Fernandez,MID,CHE,4.8,2.724478407
2023-24,18,392,McTominay,MID,MUN,4.8,3.313646473
2023-24,18,372,Antony,MID,MUN,6.8,2.640670223
2023-24,18,570,Sarabia,MID,WOL,4.7,3.049998447
2023-24,18,122,Adingra,MID,BHA,5.0,3.105335411
2023-24,18,268,Cairney,MID,FUL,4.9,0.778382608
2023-24,18,567,P Neto,MID,WOL,5.6,2.15389216
2023-24,18,376,Casemiro,MID,MUN,5.4,0.0
2023-24,18,26,Trossard,MID,ARS,6.5,2.472408127
2023-24,18,63,Billing,MID,BOU,5.2,3.633065163
2023-24,18,58,Tielemans,MID,AVL,5.6,2.21299012
2023-24,18,378,Elanga,MID,NFO,5.0,3.001311493
2023-24,18,65,Christie,MID,BOU,5.0,2.0415118
2023-24,18,470,Yates,MID,NFO,4.9,0.722855269
2023-24,18,72,Kluivert,MID,BOU,4.6,2.59000362
2023-24,18,481,Fleck,MID,SHU,4.9,0.0
2023-24,18,221,Ayew,MID,CRY,5.4,2.933048918
2023-24,18,630,Barkley,MID,LUT,4.9,3.133684313
2023-24,18,288,H Wilson,MID,FUL,5.3,3.368691737
2023-24,18,379,Eriksen,MID,MUN,5.8,0.0
2023-24,18,542,Soucek,MID,WHU,4.9,3.118750383
2023-24,18,22,Smith Rowe,MID,ARS,5.3,0.0
2023-24,18,513,Sarr,MID,TOT,4.5,2.972696347
2023-24,18,503,Lo Celso,MID,TOT,4.8,1.345559562
2023-24,18,715,Bellegarde,MID,WOL,4.9,0.337985124
2023-24,18,231,Lerma,MID,CRY,4.7,2.962689516
2023-24,18,250,Garner,MID,EVE,4.9,2.356220402
2023-24,18,170,Gudmundsson,MID,BUR,4.8,1.051372413
2023-24,18,107,Lewis-Potter,MID,BRE,4.7,0.0
2023-24,18,202,Gallagher,MID,CHE,5.4,2.971309207
2023-24,18,663,Hamer,MID,SHU,5.0,2.384873812
2023-24,18,667,Lavia,MID,CHE,4.9,0.0
2023-24,18,110,Norgaard,MID,BRE,5.4,0.0
2023-24,18,261,Amadou Onana,MID,EVE,4.7,2.582169007
2023-24,18,421,S Longstaff,MID,NEW,4.9,3.278344097
2023-24,18,240,Schlupp,MID,CRY,4.9,2.811907305
2023-24,18,98,Damsgaard,MID,BRE,4.8,0.0
2023-24,18,475,Berge,MID,BUR,4.8,2.394598823
2023-24,18,210,Mudryk,MID,CHE,6.3,1.730468838
2023-24,18,161,Brownhill,MID,BUR,4.7,2.39791749
2023-24,18,310,Thiago,MID,LIV,4.8,0.0
2023-24,18,249,A Doucoure,MID,EVE,5.5,3.219344651
2023-24,18,644,Scott,MID,BOU,4.9,0.0
2023-24,18,565,Lemina,MID,WOL,4.9,2.641053017
2023-24,18,451,Kouyate,MID,NFO,4.8,0.503686453
2023-24,18,662,A Traore,MID,FUL,4.9,0.0
2023-24,18,106,Jensen,MID,BRE,5.4,0.0
2023-24,18,280,Palhinha,MID,FUL,5.0,2.72223305
2023-24,18,105,Janelt,MID,BRE,5.3,0.0
2023-24,18,624,Dobbin,MID,EVE,4.5,0.233794485
2023-24,18,248,Alli,MID,EVE,4.8,0.0
2023-24,18,126,Caicedo,MID,CHE,4.6,2.411269
2023-24,18,300,Jones,MID,LIV,4.9,0.879595529
2023-24,18,130,Enciso,MID,BHA,5.1,0.0
2023-24,18,66,Cook,MID,BOU,5.0,2.269634049
2023-24,18,360,McAtee,MID,SHU,4.4,1.522042751
2023-24,18,603,Barnes,MID,NEW,6.2,0.0
2023-24,18,672,Zaniolo,MID,AVL,5.4,2.385408141
2023-24,18,673,Adams,MID,BOU,4.9,0.0
2023-24,18,229,Hughes,MID,CRY,4.9,1.607764721
2023-24,18,583,Solomon,MID,TOT,5.1,0.696677758
2023-24,18,92,Baptiste,MID,BRE,4.3,0.0
2023-24,18,499,Hojbjerg,MID,TOT,5.2,2.79418
2023-24,18,4,Vieira,MID,ARS,5.4,0.0
2023-24,18,133,Gilmour,MID,BHA,4.9,2.569562686
2023-24,18,244,A Gomes,MID,EVE,4.4,0.0
2023-24,18,668,Endo,MID,LIV,5.4,0.530518692
2023-24,18,356,Kovacic,MID,MCI,4.7,0.0
2023-24,18,527,Cornet,MID,WHU,5.2,0.080446495
2023-24,18,128,Dahoud,MID,BHA,4.8,1.292605087
2023-24,18,47,Kamara,MID,AVL,5.0,0.0
2023-24,18,453,Mangala,MID,NFO,5.0,2.300882609
2023-24,18,708,Gravenberch,MID,LIV,5.0,2.020111078
2023-24,18,55,J Ramsey,MID,AVL,5.9,3.793363978
2023-24,18,642,E Alvarez,MID,WHU,5.0,2.33746669
2023-24,18,566,Nunes,MID,MCI,4.8,0.0
2023-24,18,493,Bissouma,MID,TOT,5.0,0.0
2023-24,18,608,Bruun Larsen,MID,BUR,4.9,1.441792817
2023-24,18,205,Hudson-Odoi,MID,NFO,4.8,2.620104842
2023-24,18,432,Willock,MID,NEW,5.3,0.0
2023-24,18,209,Mount,MID,MUN,6.8,2.427585676
2023-24,18,534,Fornals,MID,WHU,4.7,0.839667477
2023-24,18,35,Buendia,MID,AVL,5.7,0.0
2023-24,18,615,Franca,MID,CRY,4.9,0.909360083
2023-24,18,701,Ghoddos,MID,BRE,4.5,0.0
2023-24,18,712,Dominguez,MID,NFO,5.0,1.687087574
2023-24,18,208,Madueke,MID,CHE,5.3,0.588181956
2023-24,18,115,Schade,MID,BRE,5.3,0.0
2023-24,18,219,Ahamada,MID,CRY,4.3,0.655094993
2023-24,18,40,Dendoncker,MID,AVL,4.9,0.922297291
2023-24,18,142,Milner,MID,BHA,4.8,1.981367215
2023-24,18,700,Fati,MID,BHA,6.5,0.0
2023-24,18,138,Lallana,MID,BHA,4.9,1.965177829
2023-24,18,555,Hodge,MID,WOL,4.4,0.003356027
2023-24,18,442,Danilo,MID,NFO,5.3,1.595181225
2023-24,18,525,Benrahma,MID,WHU,5.6,1.865347853
2023-24,18,423,Murphy,MID,NEW,4.8,0.0
2023-24,18,394,Pellistri,MID,MUN,4.4,0.610414691
2023-24,18,99,Dasilva,MID,BRE,4.7,0.0
2023-24,18,52,Nakamba,MID,LUT,4.4,1.970992111
2023-24,18,9,Jorginho,MID,ARS,5.3,0.699084193
2023-24,18,488,Norwood,MID,SHU,4.8,1.623447243
2023-24,18,163,Cork,MID,BUR,4.8,0.136099898
2023-24,18,254,Gueye,MID,EVE,4.8,2.169673936
2023-24,18,108,Mbeumo,MID,BRE,7.1,0.0
2023-24,18,270,Reid,MID,FUL,5.4,2.825531822
2023-24,18,196,Chukwuemeka,MID,CHE,4.3,0.0
2023-24,18,292,Bajcetic,MID,LIV,4.7,0.0
2023-24,18,15,Partey,MID,ARS,4.8,0.0
2023-24,18,429,Tonali,MID,NEW,5.2,0.0
2023-24,18,675,A Ramsey,MID,BUR,5.0,0.555814166
2023-24,18,690,Baleba,MID,BHA,4.5,1.600439228
2023-24,18,559,J Gomes,MID,WOL,4.9,1.742102346
2023-24,18,397,Sancho,MID,MUN,6.7,0.09939951
2023-24,18,587,Slimane,MID,SHU,4.7,0.289567643
2023-24,18,320,Clark,MID,LUT,4.8,0.508662718
2023-24,18,609,Maatsen,MID,CHE,5.1,0.547620004
2023-24,18,657,Rak-Sakyi,MID,CRY,4.5,0.0
2023-24,18,601,Danjuma,MID,EVE,5.3,1.165386124
2023-24,18,492,Bentancur,MID,TOT,5.4,0.0
2023-24,18,638,Souza,MID,SHU,5.0,1.82710202
2023-24,18,159,Benson,MID,BUR,5.2,0.729104167
2023-24,18,403,Anderson,MID,NEW,4.3,0.0
2023-24,18,184,Zaroury,MID,BUR,4.7,0.602733379
2023-24,18,125,Buonanotte,MID,BHA,4.7,1.776109989
2023-24,18,515,Skipp,MID,TOT,4.6,1.235310067
2023-24,18,111,Onyeka,MID,BRE,4.9,0.0
2023-24,18,600,Redmond,MID,BUR,4.8,0.714207321
2023-24,18,364,Phillips,MID,MCI,4.8,0.0
2023-24,18,78,Ouattara,MID,BOU,4.7,2.285711965
2023-24,18,295,Elliott,MID,LIV,4.8,1.430156305
2023-24,18,383,Mejbri,MID,MUN,4.4,0.580013304
2023-24,18,709,Amrabat,MID,MUN,5.0,0.956819834
2023-24,18,165,Cullen,MID,BUR,5.0,2.317444412
2023-24,18,713,Sangare,MID,NFO,5.0,2.121596426
2023-24,18,223,C Doucoure,MID,CRY,5.0,0.0
2023-24,18,586,Chong,MID,LUT,4.8,1.909901867
2023-24,18,276,Lukic,MID,FUL,4.4,1.246590566
2023-24,18,317,Berry,MID,LUT,4.7,0.591517495
2023-24,18,81,Rothwell,MID,BOU,4.8,1.399133737
2023-24,18,282,Reed,MID,FUL,4.6,2.234647718
2023-24,18,489,Osborn,MID,SHU,4.8,0.960148366
2023-24,18,613,Ugochukwu,MID,CHE,4.4,0.755627619
2023-24,18,582,Mpanzu,MID,LUT,4.7,1.313699521
2023-24,18,87,H Traore,MID,BOU,4.7,1.362025409
2023-24,18,64,Brooks,MID,BOU,4.8,1.853263552
2023-24,18,574,Boubacar Traore,MID,WOL,4.4,1.61114474
2023-24,18,605,Koleosho,MID,BUR,5.0,2.757171656
2023-24,18,666,T Davies,MID,SHU,5.0,1.272574035
2023-24,18,355,Haaland,FWD,MCI,14.0,0.0
2023-24,18,60,Watkins,FWD,AVL,8.4,5.789254926
2023-24,18,85,Solanke,FWD,BOU,6.5,4.207448467
2023-24,18,212,Nkunku,FWD,CHE,7.3,3.506284974
2023-24,18,343,J Alvarez,FWD,MCI,7.0,0.0
2023-24,18,8,Jesus,FWD,ARS,7.9,3.60727802
2023-24,18,293,Nunez,FWD,LIV,7.7,3.252779185
2023-24,18,415,Isak,FWD,NEW,7.6,2.604541873
2023-24,18,246,Calvert-Lewin,FWD,EVE,5.8,3.50046829
2023-24,18,590,Cunha,FWD,WOL,5.6,3.474518679
2023-24,18,433,C Wilson,FWD,NEW,7.8,5.189843038
2023-24,18,617,Hojlund,FWD,MUN,6.9,3.095735872
2023-24,18,117,Toney,FWD,BRE,7.9,0.0
2023-24,18,168,Foster,FWD,BUR,4.9,0.0
2023-24,18,211,Jackson,FWD,CHE,6.9,2.663610814
2023-24,18,132,E Ferguson,FWD,BHA,6.1,2.485654252
2023-24,18,232,Mateta,FWD,CRY,4.9,3.886244854
2023-24,18,33,Archer,FWD,SHU,4.6,2.668223817
2023-24,18,154,Welbeck,FWD,BHA,5.7,1.96366962
2023-24,18,297,Gakpo,FWD,LIV,7.2,1.543707962
2023-24,18,82,Semenyo,FWD,BOU,4.6,1.21408549
2023-24,18,594,Amdouni,FWD,BUR,5.3,3.04166385
2023-24,18,135,Pedro,FWD,BHA,5.3,2.363011026
2023-24,18,558,Jimenez,FWD,FUL,5.2,0.0
2023-24,18,326,Morris,FWD,LUT,5.2,3.012007736
2023-24,18,177,Rodriguez,FWD,BUR,5.3,2.554520132
2023-24,18,119,Wissa,FWD,BRE,5.9,0.0
2023-24,18,477,Brewster,FWD,SHU,4.9,0.0
2023-24,18,258,Maupay,FWD,BRE,4.9,0.0
2023-24,18,485,McBurnie,FWD,SHU,5.4,2.098177824
2023-24,18,468,Wood,FWD,NFO,4.9,3.624319985
2023-24,18,631,Brown,FWD,LUT,4.9,2.452844695
2023-24,18,174,Obafemi,FWD,BUR,4.9,0.0
2023-24,18,328,Ogbene,FWD,LUT,4.9,2.709781456
2023-24,18,523,Antonio,FWD,WHU,5.7,2.524171045
2023-24,18,538,Mubama,FWD,WHU,4.3,0.067169675
2023-24,18,314,Adebayo,FWD,LUT,4.8,1.709982687
2023-24,18,691,Beto,FWD,EVE,5.7,1.314988803
2023-24,18,193,Broja,FWD,CHE,4.9,0.747557577
2023-24,18,437,Awoniyi,FWD,NFO,6.3,0.0
2023-24,18,287,Vinicius,FWD,FUL,4.7,3.02011061
2023-24,18,562,Kalajdzic,FWD,WOL,4.9,1.480469891
2023-24,18,641,Veliz,FWD,TOT,5.4,0.824315683
2023-24,18,13,Nketiah,FWD,ARS,5.6,1.635368555
2023-24,18,483,Jebbison,FWD,SHU,4.8,0.0
2023-24,18,645,Chermiti,FWD,EVE,4.9,0.316459486
2023-24,18,390,Martial,FWD,MUN,6.4,2.024375137
2023-24,18,552,F Silva,FWD,WOL,5.3,0.793251808
2023-24,18,44,Duran,FWD,AVL,5.0,0.514075272
2023-24,18,714,Origi,FWD,NFO,5.0,1.2335008
2023-24,18,490,Osula,FWD,SHU,4.3,1.19598557
2023-24,18,225,Edouard,FWD,CRY,5.5,0.0
2023-24,18,593,Benie Traore,FWD,SHU,5.2,1.413060255
2023-24,18,76,Moore,FWD,BOU,4.7,0.840552349
2023-24,18,535,Ings,FWD,WHU,5.6,1.215075885
2023-24,3,424,Pope,GK,NEW,5.5,3.362137298
2023-24,3,17,Ramsdale,GK,ARS,5.0,3.640258623
2023-24,3,291,Alisson,GK,LIV,5.5,3.219561065
2023-24,3,352,Ederson,GK,MCI,5.5,3.970010066
2023-24,3,520,Vicario,GK,TOT,5.0,3.832222396
2023-24,3,49,E Martinez,GK,AVL,5.0,4.0178249
2023-24,3,145,Sanchez,GK,CHE,4.5,4.311582379
2023-24,3,597,Andre Onana,GK,MUN,5.0,3.917236242
2023-24,3,230,Johnstone,GK,CRY,4.5,3.476523679
2023-24,3,101,Flekken,GK,BRE,4.5,3.759967372
2023-24,3,148,Steele,GK,BHA,4.5,3.092028766
2023-24,3,263,Pickford,GK,EVE,4.5,3.807002795
2023-24,3,569,Sa,GK,WOL,5.0,3.477990816
2023-24,3,77,N Neto,GK,BOU,4.5,3.438271589
2023-24,3,275,Leno,GK,FUL,4.5,2.965898989
2023-24,3,28,Turner,GK,NFO,4.0,2.120264778
2023-24,3,596,Trafford,GK,BUR,4.5,3.239539776
2023-24,3,524,Areola,GK,WHU,4.0,2.549677968
2023-24,3,482,Foderingham,GK,SHU,4.5,2.046375043
2023-24,3,614,Kaminski,GK,LUT,4.5,2.233479211
2023-24,3,533,Fabianski,GK,WHU,4.5,0.196492169
2023-24,3,361,Ortega,GK,MCI,4.0,0.228654073
2023-24,3,113,Raya,GK,ARS,4.9,0.813925925
2023-24,3,665,Krul,GK,LUT,4.5,0.202397419
2023-24,3,172,Muric,GK,BUR,4.5,0.152662452
2023-24,3,227,Guaita,GK,CRY,4.5,0.0
2023-24,3,53,Olsen,GK,AVL,4.0,0.069495306
2023-24,3,385,Henderson,GK,MUN,4.5,0.078852843
2023-24,3,335,Shea,GK,LUT,4.5,0.004834387
2023-24,3,409,Dubravka,GK,NEW,4.0,0.064697154
2023-24,3,116,Strakosha,GK,BRE,4.0,0.070221847
2023-24,3,546,Bentley,GK,WOL,4.0,0.063954919
2023-24,3,498,Forster,GK,TOT,4.0,0.063545765
2023-24,3,284,Rodak,GK,FUL,4.0,0.040814941
2023-24,3,479,A Davies,GK,SHU,4.0,0.040714216
2023-24,3,301,Kelleher,GK,LIV,4.0,0.057767882
2023-24,3,266,Virginia,GK,EVE,4.0,0.069857476
2023-24,3,384,Heaton,GK,MUN,4.0,0.0
2023-24,3,152,Verbruggen,GK,BHA,4.4,0.609988609
2023-24,3,243,Whitworth,GK,CRY,4.0,0.061016635
2023-24,3,88,Travers,GK,BOU,4.0,0.060243333
2023-24,3,448,Hennessey,GK,NFO,4.0,0.235319435
2023-24,3,430,Trippier,DEF,NEW,6.5,3.779578319
2023-24,3,290,Trent,DEF,LIV,8.0,3.328221736
2023-24,3,195,Chilwell,DEF,CHE,5.7,5.009694718
2023-24,3,350,Dias,DEF,MCI,5.5,3.902830446
2023-24,3,307,Robertson,DEF,LIV,6.5,2.260455306
2023-24,3,342,Ake,DEF,MCI,5.1,2.547172501
2023-24,3,29,White,DEF,ARS,5.5,4.146146912
2023-24,3,427,Schar,DEF,NEW,5.0,2.962888469
2023-24,3,31,Zinchenko,DEF,ARS,4.9,3.722075906
2023-24,3,20,Saliba,DEF,ARS,5.2,3.868167854
2023-24,3,616,Gvardiol,DEF,MCI,5.0,3.914450106
2023-24,3,405,Botman,DEF,NEW,4.5,2.861917471
2023-24,3,5,Gabriel,DEF,ARS,4.9,4.052169215
2023-24,3,131,Estupinan,DEF,BHA,5.2,4.176701382
2023-24,3,313,van Dijk,DEF,LIV,6.0,2.446256528
2023-24,3,217,T Silva,DEF,CHE,5.0,4.455537874
2023-24,3,407,Burn,DEF,NEW,4.5,2.536706623
2023-24,3,519,Udogie,DEF,TOT,4.5,2.938371121
2023-24,3,377,Dalot,DEF,MUN,4.9,4.727027648
2023-24,3,395,Varane,DEF,MUN,5.1,4.154171195
2023-24,3,197,Colwill,DEF,CHE,4.5,4.381799916
2023-24,3,341,Akanji,DEF,MCI,5.1,3.588860272
2023-24,3,584,Torres,DEF,AVL,4.5,3.255904101
2023-24,3,398,Shaw,DEF,MUN,5.5,0.0
2023-24,3,103,Henry,DEF,BRE,4.6,3.630572381
2023-24,3,112,Pinnock,DEF,BRE,4.5,3.776982026
2023-24,3,206,James,DEF,CHE,5.4,0.0
2023-24,3,369,Walker,DEF,MCI,5.1,3.255300239
2023-24,3,401,Wan-Bissaka,DEF,MUN,4.6,4.3054142
2023-24,3,302,Konate,DEF,LIV,5.0,1.823810984
2023-24,3,36,Cash,DEF,AVL,4.5,2.476790246
2023-24,3,511,Romero,DEF,TOT,4.5,3.145172417
2023-24,3,191,Badiashile,DEF,CHE,4.4,1.34279276
2023-24,3,109,Mee,DEF,BRE,4.9,3.624136766
2023-24,3,129,Dunk,DEF,BHA,5.0,3.338285029
2023-24,3,265,Tarkowski,DEF,EVE,4.5,3.853170389
2023-24,3,391,L Martinez,DEF,MUN,4.9,3.811741781
2023-24,3,257,Keane,DEF,EVE,4.5,3.743364042
2023-24,3,203,Gusto,DEF,CHE,4.0,4.115140979
2023-24,3,220,J Andersen,DEF,CRY,4.5,2.806255229
2023-24,3,176,Roberts,DEF,BUR,4.5,3.206262703
2023-24,3,228,Guehi,DEF,CRY,4.5,2.680932689
2023-24,3,48,Konsa,DEF,AVL,4.5,3.145653038
2023-24,3,506,Porro,DEF,TOT,4.9,2.002161066
2023-24,3,639,van de Ven,DEF,TOT,4.5,2.242208973
2023-24,3,553,Giles,DEF,LUT,4.5,1.606318877
2023-24,3,234,Mitchell,DEF,CRY,4.5,2.531410635
2023-24,3,611,Disasi,DEF,CHE,5.0,3.832560562
2023-24,3,522,Aguerd,DEF,WHU,4.5,0.0
2023-24,3,84,Smith,DEF,BOU,4.4,0.0
2023-24,3,32,Moreno,DEF,AVL,5.0,3.332400247
2023-24,3,104,Hickey,DEF,BRE,4.5,3.066917358
2023-24,3,551,Dawson,DEF,WOL,4.5,2.920585899
2023-24,3,497,Emerson R,DEF,TOT,4.5,2.360406123
2023-24,3,563,Kilman,DEF,WOL,4.5,2.880919035
2023-24,3,467,Williams,DEF,NFO,4.5,0.148386126
2023-24,3,242,Ward,DEF,CRY,4.5,2.30682204
2023-24,3,445,Felipe,DEF,NFO,4.4,0.0
2023-24,3,160,Beyer,DEF,BUR,4.0,2.698857917
2023-24,3,153,Webster,DEF,BHA,4.4,2.882740489
2023-24,3,676,Mavropanos,DEF,WHU,4.5,1.999045036
2023-24,3,173,O'Shea,DEF,BUR,4.5,2.855668927
2023-24,3,572,Semedo,DEF,WOL,4.5,2.379690316
2023-24,3,157,Al-Dakhil,DEF,BUR,4.0,0.709618552
2023-24,3,182,Vitinho,DEF,BUR,4.5,1.256409013
2023-24,3,358,Lewis,DEF,MCI,4.5,2.178570207
2023-24,3,368,Stones,DEF,MCI,5.3,0.0
2023-24,3,10,Kiwior,DEF,ARS,4.4,0.516111828
2023-24,3,545,Ait-Nouri,DEF,WOL,4.5,0.749682842
2023-24,3,25,Tomiyasu,DEF,ARS,4.5,0.0
2023-24,3,532,Emerson P,DEF,WHU,4.5,1.743677081
2023-24,3,507,Perisic,DEF,TOT,5.0,1.199695648
2023-24,3,262,Patterson,DEF,EVE,4.5,3.062725765
2023-24,3,633,Livramento,DEF,NEW,4.5,0.0
2023-24,3,37,Chambers,DEF,AVL,4.0,0.003634697
2023-24,3,588,Young,DEF,EVE,4.5,2.407115121
2023-24,3,386,Lindelof,DEF,MUN,4.5,1.338019607
2023-24,3,83,Senesi,DEF,BOU,4.4,2.652871544
2023-24,3,389,Malacia,DEF,MUN,4.4,0.0
2023-24,3,90,Ajer,DEF,BRE,4.5,0.667166771
2023-24,3,528,Coufal,DEF,WHU,4.5,1.643248791
2023-24,3,575,Lockyer,DEF,LUT,4.5,1.931853878
2023-24,3,298,J Gomez,DEF,LIV,4.5,0.489786491
2023-24,3,602,Kabore,DEF,LUT,4.0,1.806627314
2023-24,3,96,Collins,DEF,BRE,4.5,2.425118097
2023-24,3,544,Zouma,DEF,WHU,4.5,2.018659104
2023-24,3,247,Coleman,DEF,EVE,4.4,0.0
2023-24,3,315,M Andersen,DEF,LUT,4.0,1.058529524
2023-24,3,318,Burke,DEF,LUT,4.0,0.127322567
2023-24,3,281,Ream,DEF,FUL,4.5,0.0
2023-24,3,41,Carlos,DEF,AVL,4.5,2.089591223
2023-24,3,473,Baldock,DEF,SHU,4.0,1.098281889
2023-24,3,260,Mykolenko,DEF,EVE,4.4,1.145918221
2023-24,3,436,Aurier,DEF,NFO,4.5,1.657692003
2023-24,3,305,Matip,DEF,LIV,4.9,0.687626736
2023-24,3,70,Kelly,DEF,BOU,4.5,2.359425767
2023-24,3,321,Doughty,DEF,LUT,4.5,1.039535363
2023-24,3,194,Chalobah,DEF,CHE,4.4,0.343757536
2023-24,3,604,Aina,DEF,NFO,4.5,1.576658463
2023-24,3,255,Holgate,DEF,EVE,4.0,1.118230668
2023-24,3,178,Taylor,DEF,BUR,4.0,1.088286729
2023-24,3,89,Zabarnyi,DEF,BOU,4.5,1.69095036
2023-24,3,198,Cucurella,DEF,CHE,5.0,0.575635506
2023-24,3,271,Diop,DEF,FUL,4.5,1.36349048
2023-24,3,252,Godfrey,DEF,EVE,4.5,0.984768803
2023-24,3,316,Bell,DEF,LUT,4.0,1.727401297
2023-24,3,387,Maguire,DEF,MUN,4.4,0.304771471
2023-24,3,643,Aarons,DEF,BOU,4.5,1.941736671
2023-24,3,285,Tete,DEF,FUL,4.5,1.081972052
2023-24,3,419,Lascelles,DEF,NEW,4.0,0.268370854
2023-24,3,495,B Davies,DEF,TOT,4.5,0.556724324
2023-24,3,471,Ahmedhodzic,DEF,SHU,4.5,1.653329923
2023-24,3,417,Krafth,DEF,NEW,4.5,0.0
2023-24,3,283,A Robinson,DEF,FUL,4.5,1.208804934
2023-24,3,439,Boly,DEF,NFO,4.5,1.113336086
2023-24,3,598,Doherty,DEF,WOL,4.5,1.262358216
2023-24,3,457,Niakhate,DEF,NFO,4.5,1.421189802
2023-24,3,277,Mbabu,DEF,FUL,4.0,0.255102088
2023-24,3,496,Dier,DEF,TOT,4.4,0.486154008
2023-24,3,238,C Richards,DEF,CRY,4.0,0.79776586
2023-24,3,51,Mings,DEF,AVL,4.4,0.0
2023-24,3,585,Timber,DEF,ARS,4.8,0.0
2023-24,3,474,Basham,DEF,SHU,4.0,0.49317319
2023-24,3,537,Kehrer,DEF,WHU,4.5,0.80653675
2023-24,3,530,Cresswell,DEF,WHU,4.4,0.494685553
2023-24,3,480,Egan,DEF,SHU,4.5,1.549845186
2023-24,3,167,Ekdal,DEF,BUR,4.0,2.264828254
2023-24,3,222,Clyne,DEF,CRY,4.5,0.485877007
2023-24,3,595,Kerkez,DEF,BOU,4.5,1.169420296
2023-24,3,577,Ogbonna,DEF,WHU,4.5,0.342134437
2023-24,3,484,Lowe,DEF,SHU,4.5,1.465151808
2023-24,3,75,Mepham,DEF,BOU,4.4,0.708849177
2023-24,3,428,Targett,DEF,NEW,4.4,0.844986129
2023-24,3,476,Bogle,DEF,SHU,4.5,0.724386606
2023-24,3,27,Trusty,DEF,SHU,4.0,0.538589697
2023-24,3,592,Larouci,DEF,SHU,4.5,0.28232553
2023-24,3,204,Hall,DEF,NEW,4.5,0.49035918
2023-24,3,508,Reguilon,DEF,TOT,4.4,0.240290681
2023-24,3,576,J Robinson,DEF,SHU,4.5,1.284736458
2023-24,3,610,Bassey,DEF,FUL,4.5,1.264600605
2023-24,3,606,Igor,DEF,BHA,4.4,1.179504126
2023-24,3,573,Toti,DEF,WOL,4.5,0.939502814
2023-24,3,469,Worrall,DEF,NFO,4.5,1.284838221
2023-24,3,311,Tsimikas,DEF,LIV,4.5,0.589178552
2023-24,3,286,Adarabioyo,DEF,FUL,4.5,0.541777079
2023-24,3,330,Osho,DEF,LUT,4.5,1.938154899
2023-24,3,455,McKenna,DEF,NFO,4.5,0.876310137
2023-24,3,68,Fredericks,DEF,BOU,4.5,0.523022153
2023-24,3,114,Roerslev,DEF,BRE,4.5,0.749921959
2023-24,3,536,Ben Johnson,DEF,WHU,4.5,0.473798797
2023-24,3,151,Veltman,DEF,BHA,4.4,2.369851884
2023-24,3,548,Bueno,DEF,WOL,4.5,1.586339896
2023-24,3,560,Jonny,DEF,WOL,4.5,0.997988757
2023-24,3,23,Tavares,DEF,NFO,4.0,0.619093088
2023-24,3,308,Salah,MID,LIV,12.5,5.03653786
2023-24,3,373,Fernandes,MID,MUN,8.5,6.431672285
2023-24,3,396,Rashford,MID,MUN,9.0,5.827279438
2023-24,3,516,Son,MID,TOT,9.0,5.477908944
2023-24,3,14,Odegaard,MID,ARS,8.5,5.813937535
2023-24,3,108,Mbeumo,MID,BRE,6.7,4.804196833
2023-24,3,19,Saka,MID,ARS,8.6,5.43772804
2023-24,3,504,Maddison,MID,TOT,7.6,4.740762472
2023-24,3,12,Martinelli,MID,ARS,8.0,5.110810079
2023-24,3,216,Sterling,MID,CHE,7.0,4.941709743
2023-24,3,354,Grealish,MID,MCI,7.4,4.151635036
2023-24,3,226,Eze,MID,CRY,6.4,4.096613066
2023-24,3,599,Diaby,MID,AVL,6.6,3.938235407
2023-24,3,509,Richarlison,MID,TOT,7.0,3.772850691
2023-24,3,353,Foden,MID,MCI,7.6,4.000507005
2023-24,3,6,Havertz,MID,ARS,7.4,4.794638803
2023-24,3,526,Bowen,MID,WHU,7.0,3.891359398
2023-24,3,294,Jota,MID,LIV,8.0,2.229482227
2023-24,3,143,Mitoma,MID,BHA,6.6,4.675354379
2023-24,3,447,Gibbs-White,MID,NFO,6.0,3.592090312
2023-24,3,134,Gross,MID,BHA,6.4,4.284675803
2023-24,3,344,B Silva,MID,MCI,6.4,3.553036104
2023-24,3,601,Danjuma,MID,EVE,5.5,4.173094884
2023-24,3,303,Diaz,MID,LIV,7.7,2.200645917
2023-24,3,140,March,MID,BHA,6.6,4.233847183
2023-24,3,199,Fernandez,MID,CHE,5.0,4.301803381
2023-24,3,267,Pereira,MID,FUL,5.5,3.032012216
2023-24,3,402,Almiron,MID,NEW,6.4,2.439238349
2023-24,3,372,Antony,MID,MUN,7.0,3.842470316
2023-24,3,501,Kulusevski,MID,TOT,7.0,3.432612699
2023-24,3,570,Sarabia,MID,WOL,5.0,3.851789772
2023-24,3,603,Barnes,MID,NEW,6.5,3.337684441
2023-24,3,539,Paqueta,MID,WHU,6.0,2.154628358
2023-24,3,304,Mac Allister,MID,LIV,6.0,2.977300839
2023-24,3,365,Rodri,MID,MCI,5.6,3.605586465
2023-24,3,43,Luiz,MID,AVL,5.5,3.06375693
2023-24,3,376,Casemiro,MID,MUN,5.5,3.988642064
2023-24,3,34,Bailey,MID,AVL,5.5,2.970586547
2023-24,3,406,Guimaraes,MID,NEW,6.0,3.328993198
2023-24,3,525,Benrahma,MID,WHU,6.0,2.653212201
2023-24,3,221,Ayew,MID,CRY,5.5,2.838950303
2023-24,3,259,McNeil,MID,EVE,5.4,0.0
2023-24,3,591,Willian,MID,FUL,5.4,2.227100759
2023-24,3,416,Joelinton,MID,NEW,6.0,3.052497293
2023-24,3,309,Szoboszlai,MID,LIV,7.0,2.056384329
2023-24,3,63,Billing,MID,BOU,5.4,3.61018318
2023-24,3,566,Nunes,MID,MCI,5.0,0.164702541
2023-24,3,379,Eriksen,MID,MUN,5.9,4.110198551
2023-24,3,429,Tonali,MID,NEW,5.5,2.983085471
2023-24,3,567,P Neto,MID,WOL,5.5,3.360481354
2023-24,3,249,A Doucoure,MID,EVE,5.5,3.659795506
2023-24,3,236,Olise,MID,CRY,5.9,0.0
2023-24,3,202,Gallagher,MID,CHE,5.5,3.170205638
2023-24,3,106,Jensen,MID,BRE,5.4,2.995054696
2023-24,3,608,Bruun Larsen,MID,BUR,5.0,0.095925124
2023-24,3,630,Barkley,MID,LUT,5.0,2.871766987
2023-24,3,475,Berge,MID,BUR,5.0,2.992613032
2023-24,3,209,Mount,MID,MUN,6.9,0.0
2023-24,3,397,Sancho,MID,MUN,6.9,3.705665858
2023-24,3,50,McGinn,MID,AVL,5.5,2.896957713
2023-24,3,540,Rice,MID,ARS,5.5,3.276666741
2023-24,3,38,Coutinho,MID,AVL,5.9,0.423149874
2023-24,3,55,J Ramsey,MID,AVL,5.9,0.0
2023-24,3,240,Schlupp,MID,CRY,5.0,2.634776864
2023-24,3,661,Harrison,MID,EVE,5.5,0.004179992
2023-24,3,450,Brennan Johnson,MID,NFO,6.0,2.380313433
2023-24,3,664,Ward-Prowse,MID,WHU,6.0,2.778341352
2023-24,3,115,Schade,MID,BRE,5.4,2.355744241
2023-24,3,208,Madueke,MID,CHE,5.5,2.234187957
2023-24,3,432,Willock,MID,NEW,5.4,0.0
2023-24,3,128,Dahoud,MID,BHA,5.0,2.796949781
2023-24,3,110,Norgaard,MID,BRE,5.5,2.931044868
2023-24,3,78,Ouattara,MID,BOU,4.9,0.0
2023-24,3,86,Tavernier,MID,BOU,5.4,0.0
2023-24,3,72,Kluivert,MID,BOU,4.9,3.062134914
2023-24,3,488,Norwood,MID,SHU,5.0,2.407628191
2023-24,3,184,Zaroury,MID,BUR,4.9,0.0
2023-24,3,231,Lerma,MID,CRY,5.0,2.663654619
2023-24,3,356,Kovacic,MID,MCI,5.0,2.727543488
2023-24,3,26,Trossard,MID,ARS,6.8,2.982653546
2023-24,3,586,Chong,MID,LUT,5.0,1.576819991
2023-24,3,126,Caicedo,MID,CHE,5.0,2.899843094
2023-24,3,165,Cullen,MID,BUR,5.0,2.460426289
2023-24,3,412,Gordon,MID,NEW,5.5,1.59280372
2023-24,3,223,C Doucoure,MID,CRY,5.0,2.435539622
2023-24,3,105,Janelt,MID,BRE,5.5,2.722760889
2023-24,3,442,Danilo,MID,NFO,5.5,2.263837452
2023-24,3,662,A Traore,MID,FUL,5.0,1.75504652
2023-24,3,382,Garnacho,MID,MUN,5.0,2.222470083
2023-24,3,130,Enciso,MID,BHA,5.4,0.0
2023-24,3,229,Hughes,MID,CRY,5.0,0.0
2023-24,3,161,Brownhill,MID,BUR,4.9,3.05192673
2023-24,3,65,Christie,MID,BOU,5.0,2.260314014
2023-24,3,250,Garner,MID,EVE,5.0,2.800152773
2023-24,3,557,Hwang H,MID,WOL,5.5,2.503551831
2023-24,3,196,Chukwuemeka,MID,CHE,4.5,0.0
2023-24,3,668,Endo,MID,LIV,5.5,2.437844538
2023-24,3,362,Palmer,MID,MCI,5.0,1.092346027
2023-24,3,288,H Wilson,MID,FUL,5.5,1.768500721
2023-24,3,542,Soucek,MID,WHU,5.0,2.13155313
2023-24,3,583,Solomon,MID,TOT,5.4,1.087747523
2023-24,3,282,Reed,MID,FUL,5.0,1.679406738
2023-24,3,58,Tielemans,MID,AVL,5.9,1.917778004
2023-24,3,107,Lewis-Potter,MID,BRE,4.9,1.311351035
2023-24,3,98,Damsgaard,MID,BRE,5.0,1.594038397
2023-24,3,256,Iwobi,MID,EVE,5.5,1.030516625
2023-24,3,280,Palhinha,MID,FUL,5.0,2.166839165
2023-24,3,210,Mudryk,MID,CHE,6.4,2.544778455
2023-24,3,378,Elanga,MID,NFO,5.0,1.4435713
2023-24,3,673,Adams,MID,BOU,5.0,1.580782841
2023-24,3,15,Partey,MID,ARS,5.0,3.048558983
2023-24,3,565,Lemina,MID,WOL,5.0,2.527775401
2023-24,3,600,Redmond,MID,BUR,4.9,0.362530373
2023-24,3,605,Koleosho,MID,BUR,5.0,2.627271624
2023-24,3,666,T Davies,MID,SHU,5.0,1.838608462
2023-24,3,62,Anthony,MID,BOU,5.0,1.646683296
2023-24,3,613,Ugochukwu,MID,CHE,4.5,0.336797651
2023-24,3,470,Yates,MID,NFO,5.0,1.943117747
2023-24,3,205,Hudson-Odoi,MID,FUL,4.9,1.631475289
2023-24,3,159,Benson,MID,BUR,5.4,1.893236061
2023-24,3,493,Bissouma,MID,TOT,5.0,2.07044465
2023-24,3,125,Buonanotte,MID,BHA,4.9,1.13217639
2023-24,3,534,Fornals,MID,WHU,5.0,1.19868118
2023-24,3,81,Rothwell,MID,BOU,5.0,1.341872947
2023-24,3,47,Kamara,MID,AVL,5.0,2.162773918
2023-24,3,421,S Longstaff,MID,NEW,4.9,0.695351501
2023-24,3,446,Freuler,MID,NFO,4.9,0.552330591
2023-24,3,99,Dasilva,MID,BRE,5.0,0.753264657
2023-24,3,52,Nakamba,MID,LUT,4.5,2.196430475
2023-24,3,527,Cornet,MID,WHU,5.4,0.723368735
2023-24,3,254,Gueye,MID,EVE,5.0,2.442341194
2023-24,3,295,Elliott,MID,LIV,4.9,1.123844172
2023-24,3,554,Guedes,MID,WOL,5.4,1.419535948
2023-24,3,513,Sarr,MID,TOT,4.5,2.024578775
2023-24,3,142,Milner,MID,BHA,5.0,1.489521639
2023-24,3,503,Lo Celso,MID,TOT,4.9,1.434358832
2023-24,3,582,Mpanzu,MID,LUT,5.0,1.996036253
2023-24,3,492,Bentancur,MID,TOT,5.5,0.0
2023-24,3,453,Mangala,MID,NFO,5.0,1.878264199
2023-24,3,170,Gudmundsson,MID,BUR,4.9,1.024123604
2023-24,3,163,Cork,MID,BUR,4.9,0.753325141
2023-24,3,423,Murphy,MID,NEW,5.0,0.560372518
2023-24,3,261,Amadou Onana,MID,EVE,5.0,2.619551434
2023-24,3,276,Lukic,MID,FUL,4.5,1.157375212
2023-24,3,458,O'Brien,MID,NFO,4.9,0.148227191
2023-24,3,644,Scott,MID,BOU,5.0,0.0
2023-24,3,481,Fleck,MID,SHU,5.0,0.0
2023-24,3,35,Buendia,MID,AVL,5.9,0.0
2023-24,3,349,De Bruyne,MID,MCI,10.3,0.0
2023-24,3,559,Gomes,MID,WOL,5.0,2.374277351
2023-24,3,642,E Alvarez,MID,WHU,5.0,2.075158395
2023-24,3,663,Hamer,MID,SHU,5.0,0.003435052
2023-24,3,660,Odobert,MID,BUR,5.0,0.00354889
2023-24,3,392,McTominay,MID,MUN,4.9,1.358134677
2023-24,3,568,Podence,MID,WOL,5.4,1.226365127
2023-24,3,364,Phillips,MID,MCI,4.9,0.556873176
2023-24,3,268,Cairney,MID,FUL,5.0,0.530481971
2023-24,3,9,Jorginho,MID,ARS,5.5,0.616776168
2023-24,3,292,Bajcetic,MID,LIV,4.9,0.153991228
2023-24,3,322,Freeman,MID,LUT,4.9,0.333554609
2023-24,3,403,Anderson,MID,NEW,4.5,1.018531279
2023-24,3,87,H Traore,MID,BOU,4.9,2.518771922
2023-24,3,64,Brooks,MID,BOU,5.0,2.277525563
2023-24,3,609,Maatsen,MID,CHE,5.4,0.60735375
2023-24,3,638,Souza,MID,SHU,5.0,1.842696956
2023-24,3,133,Gilmour,MID,BHA,5.0,2.162371937
2023-24,3,300,Jones,MID,LIV,4.9,1.072471576
2023-24,3,400,van de Beek,MID,MUN,4.9,1.304352142
2023-24,3,489,Osborn,MID,SHU,5.0,1.85050577
2023-24,3,515,Skipp,MID,TOT,4.9,1.210938378
2023-24,3,499,Hojbjerg,MID,TOT,5.4,1.428503265
2023-24,3,587,Slimane,MID,SHU,4.9,1.820158249
2023-24,3,310,Thiago,MID,LIV,4.9,1.384156886
2023-24,3,270,Reid,MID,FUL,5.5,1.780487464
2023-24,3,320,Clark,MID,LUT,5.0,0.14307214
2023-24,3,4,Vieira,MID,ARS,5.4,0.723321412
2023-24,3,22,Smith Rowe,MID,ARS,5.4,0.968254951
2023-24,3,675,A Ramsey,MID,BUR,5.0,0.901974846
2023-24,3,40,Dendoncker,MID,AVL,4.9,0.470047534
2023-24,3,66,Cook,MID,BOU,5.0,0.878363628
2023-24,3,92,Baptiste,MID,BRE,4.5,0.714983036
2023-24,3,219,Ahamada,MID,CRY,4.5,1.062134968
2023-24,3,319,Campbell,MID,LUT,4.9,0.957323377
2023-24,3,451,Kouyate,MID,NFO,5.0,0.686975926
2023-24,3,111,Onyeka,MID,BRE,4.9,1.003217302
2023-24,3,138,Lallana,MID,BHA,4.9,1.606205391
2023-24,3,253,Gray,MID,EVE,5.4,1.303684202
2023-24,3,667,Lavia,MID,CHE,5.0,0.729279106
2023-24,3,672,Zaniolo,MID,AVL,5.5,1.207323299
2023-24,3,574,Boubacar Traore,MID,WOL,4.5,1.364027606
2023-24,3,21,Lokonga,MID,BHA,5.0,0.0
2023-24,3,355,Haaland,FWD,MCI,14.0,7.099431018
2023-24,3,60,Watkins,FWD,AVL,8.0,4.237037919
2023-24,3,415,Isak,FWD,NEW,7.7,3.876786065
2023-24,3,211,Jackson,FWD,CHE,7.0,4.594263151
2023-24,3,343,J Alvarez,FWD,MCI,6.6,3.720907851
2023-24,3,85,Solanke,FWD,BOU,6.5,4.449030609
2023-24,3,8,Jesus,FWD,ARS,7.9,0.0
2023-24,3,433,C Wilson,FWD,NEW,7.9,3.590242252
2023-24,3,617,Hojlund,FWD,MUN,7.0,0.0
2023-24,3,437,Awoniyi,FWD,NFO,6.5,3.500965439
2023-24,3,119,Wissa,FWD,BRE,6.1,3.518355758
2023-24,3,297,Gakpo,FWD,LIV,7.4,2.420121466
2023-24,3,293,Nunez,FWD,LIV,7.4,2.471837457
2023-24,3,590,Cunha,FWD,WOL,5.5,3.41069376
2023-24,3,326,Morris,FWD,LUT,5.5,2.881952694
2023-24,3,135,Pedro,FWD,BHA,5.6,3.133527408
2023-24,3,558,Jimenez,FWD,FUL,5.4,2.809198052
2023-24,3,225,Edouard,FWD,CRY,5.5,2.968425501
2023-24,3,258,Maupay,FWD,EVE,5.0,3.8590488
2023-24,3,594,Amdouni,FWD,BUR,5.5,3.197960539
2023-24,3,523,Antonio,FWD,WHU,6.0,2.858678513
2023-24,3,314,Adebayo,FWD,LUT,5.0,2.531781531
2023-24,3,593,Benie Traore,FWD,SHU,5.5,3.139373358
2023-24,3,132,E Ferguson,FWD,BHA,6.0,2.230848288
2023-24,3,154,Welbeck,FWD,BHA,5.9,3.299013268
2023-24,3,485,McBurnie,FWD,SHU,5.5,2.21215559
2023-24,3,324,McAtee,FWD,LUT,4.5,0.003305798
2023-24,3,168,Foster,FWD,BUR,5.0,2.551980576
2023-24,3,193,Broja,FWD,CHE,5.0,0.0
2023-24,3,33,Archer,FWD,SHU,4.5,1.682243791
2023-24,3,535,Ings,FWD,WHU,5.9,2.201987432
2023-24,3,177,Rodriguez,FWD,BUR,5.4,1.639359798
2023-24,3,82,Semenyo,FWD,BOU,4.5,1.442989774
2023-24,3,13,Nketiah,FWD,ARS,5.6,3.025756888
2023-24,3,552,F Silva,FWD,WOL,5.5,0.642496914
2023-24,3,207,Lukaku,FWD,CHE,6.9,1.147965368
2023-24,3,562,Kalajdzic,FWD,WOL,5.0,1.579098265
2023-24,3,174,Obafemi,FWD,BUR,5.0,0.0
2023-24,3,328,Ogbene,FWD,LUT,5.0,1.196103277
2023-24,3,232,Mateta,FWD,CRY,4.9,2.046988446
2023-24,3,538,Mubama,FWD,WHU,4.5,0.135498021
2023-24,3,477,Brewster,FWD,SHU,5.0,0.0
2023-24,3,212,Nkunku,FWD,CHE,7.4,0.0
2023-24,3,117,Toney,FWD,BRE,7.9,0.0
2023-24,3,483,Jebbison,FWD,SHU,5.0,0.32880679
2023-24,3,490,Osula,FWD,SHU,4.5,0.689240513
2023-24,3,468,Wood,FWD,NFO,5.0,0.844964359
2023-24,3,657,Rak-Sakyi,FWD,CRY,4.5,1.068561304
2023-24,3,466,Hwang U,FWD,NFO,4.5,0.640783337
2023-24,3,44,Duran,FWD,AVL,5.0,0.629816865
2023-24,3,641,Veliz,FWD,TOT,5.5,1.135343968
2023-24,3,287,Vinicius,FWD,FUL,4.9,0.816155127
2023-24,3,340,Woodrow,FWD,LUT,4.5,0.552717524
2023-24,3,76,Moore,FWD,BOU,4.9,1.235761333
2023-24,3,443,Dennis,FWD,NFO,4.9,0.68802047
2023-24,3,246,Calvert-Lewin,FWD,EVE,5.9,1.80361003
2023-24,4,424,Pope,GK,NEW,5.5,3.381381898
2023-24,4,352,Ederson,GK,MCI,5.6,3.857036303
2023-24,4,291,Alisson,GK,LIV,5.5,3.771781894
2023-24,4,520,Vicario,GK,TOT,5.0,3.87700703
2023-24,4,49,E Martinez,GK,AVL,5.0,3.084078236
2023-24,4,145,Sanchez,GK,CHE,4.5,4.046378217
2023-24,4,28,Turner,GK,NFO,4.0,2.471656146
2023-24,4,275,Leno,GK,FUL,4.5,2.781485075
2023-24,4,597,Andre Onana,GK,MUN,5.0,2.54051298
2023-24,4,101,Flekken,GK,BRE,4.5,3.721864575
2023-24,4,524,Areola,GK,WHU,4.1,3.706386844
2023-24,4,569,Sa,GK,WOL,5.0,3.627112773
2023-24,4,77,N Neto,GK,BOU,4.5,3.447926674
2023-24,4,263,Pickford,GK,EVE,4.5,3.640458948
2023-24,4,596,Trafford,GK,BUR,4.5,2.841030425
2023-24,4,17,Ramsdale,GK,ARS,5.0,2.461949959
2023-24,4,614,Kaminski,GK,LUT,4.5,2.835785647
2023-24,4,148,Steele,GK,BHA,4.5,0.305503908
2023-24,4,482,Foderingham,GK,SHU,4.5,3.151447723
2023-24,4,230,Johnstone,GK,CRY,4.5,4.114608976
2023-24,4,385,Henderson,GK,CRY,4.5,0.287996478
2023-24,4,113,Raya,GK,ARS,4.8,0.990149348
2023-24,4,152,Verbruggen,GK,BHA,4.4,2.573568799
2023-24,4,361,Ortega,GK,MCI,4.0,0.220786542
2023-24,4,53,Olsen,GK,AVL,4.0,0.047926211
2023-24,4,533,Fabianski,GK,WHU,4.4,0.259569963
2023-24,4,687,Petrovic,GK,CHE,4.5,0.132598992
2023-24,4,172,Muric,GK,BUR,4.4,0.134884124
2023-24,4,498,Forster,GK,TOT,4.0,0.067744456
2023-24,4,479,A Davies,GK,SHU,4.0,0.062358357
2023-24,4,448,Hennessey,GK,NFO,4.0,0.16936911
2023-24,4,409,Dubravka,GK,NEW,4.0,0.065505236
2023-24,4,546,Bentley,GK,WOL,4.0,0.064736732
2023-24,4,301,Kelleher,GK,LIV,4.0,0.067524291
2023-24,4,284,Rodak,GK,FUL,4.0,0.03383489
2023-24,4,266,Virginia,GK,EVE,4.0,0.066585637
2023-24,4,116,Strakosha,GK,BRE,4.0,0.069972685
2023-24,4,665,Krul,GK,LUT,4.5,0.250812783
2023-24,4,243,Whitworth,GK,CRY,4.0,0.0
2023-24,4,227,Guaita,GK,CRY,4.4,0.0
2023-24,4,335,Shea,GK,LUT,4.5,0.006050162
2023-24,4,88,Travers,GK,BOU,4.0,0.060223387
2023-24,4,290,Trent,DEF,LIV,7.9,4.94950574
2023-24,4,430,Trippier,DEF,NEW,6.5,3.447192676
2023-24,4,195,Chilwell,DEF,CHE,5.8,5.023393092
2023-24,4,307,Robertson,DEF,LIV,6.5,3.819896824
2023-24,4,427,Schar,DEF,NEW,5.0,2.739084783
2023-24,4,350,Dias,DEF,MCI,5.5,4.204038761
2023-24,4,405,Botman,DEF,NEW,4.5,2.149519587
2023-24,4,616,Gvardiol,DEF,MCI,5.1,4.160674236
2023-24,4,342,Ake,DEF,MCI,5.1,2.720810651
2023-24,4,29,White,DEF,ARS,5.5,3.109676557
2023-24,4,407,Burn,DEF,NEW,4.5,2.544250613
2023-24,4,20,Saliba,DEF,ARS,5.2,3.054585561
2023-24,4,31,Zinchenko,DEF,ARS,4.9,2.754917678
2023-24,4,519,Udogie,DEF,TOT,4.6,3.4968664
2023-24,4,313,van Dijk,DEF,LIV,6.0,0.0
2023-24,4,131,Estupinan,DEF,BHA,5.3,3.104058736
2023-24,4,506,Porro,DEF,TOT,4.9,3.018418451
2023-24,4,217,T Silva,DEF,CHE,5.0,4.209946059
2023-24,4,369,Walker,DEF,MCI,5.1,3.262264481
2023-24,4,36,Cash,DEF,AVL,4.6,2.16281697
2023-24,4,5,Gabriel,DEF,ARS,4.8,1.88240527
2023-24,4,584,Torres,DEF,AVL,4.5,2.011816501
2023-24,4,511,Romero,DEF,TOT,4.6,3.41396927
2023-24,4,197,Colwill,DEF,CHE,4.5,4.431546576
2023-24,4,220,J Andersen,DEF,CRY,4.6,4.105976641
2023-24,4,206,James,DEF,CHE,5.4,0.0
2023-24,4,103,Henry,DEF,BRE,4.6,3.784014278
2023-24,4,228,Guehi,DEF,CRY,4.5,3.897260831
2023-24,4,302,Konate,DEF,LIV,5.0,1.133676693
2023-24,4,112,Pinnock,DEF,BRE,4.5,4.270044932
2023-24,4,377,Dalot,DEF,MUN,4.9,2.270679412
2023-24,4,32,Moreno,DEF,AVL,5.0,0.789871982
2023-24,4,522,Aguerd,DEF,WHU,4.5,3.856108698
2023-24,4,191,Badiashile,DEF,CHE,4.4,0.0
2023-24,4,341,Akanji,DEF,MCI,5.1,2.940795789
2023-24,4,48,Konsa,DEF,AVL,4.5,1.833968361
2023-24,4,234,Mitchell,DEF,CRY,4.5,3.661273777
2023-24,4,401,Wan-Bissaka,DEF,MUN,4.6,2.076407383
2023-24,4,203,Gusto,DEF,CHE,4.1,4.065069549
2023-24,4,445,Felipe,DEF,NFO,4.4,0.0
2023-24,4,386,Lindelof,DEF,MUN,4.5,1.145199578
2023-24,4,553,Giles,DEF,LUT,4.5,3.473505982
2023-24,4,265,Tarkowski,DEF,EVE,4.5,3.543443133
2023-24,4,109,Mee,DEF,BRE,4.9,3.090304995
2023-24,4,129,Dunk,DEF,BHA,5.0,2.508235257
2023-24,4,639,van de Ven,DEF,TOT,4.5,2.82495148
2023-24,4,391,L Martinez,DEF,MUN,4.9,1.842157897
2023-24,4,242,Ward,DEF,CRY,4.5,3.349834002
2023-24,4,544,Zouma,DEF,WHU,4.5,3.664639635
2023-24,4,176,Roberts,DEF,BUR,4.5,2.849830657
2023-24,4,389,Malacia,DEF,MUN,4.4,0.0
2023-24,4,398,Shaw,DEF,MUN,5.4,0.0
2023-24,4,611,Disasi,DEF,CHE,5.1,3.91380067
2023-24,4,532,Emerson P,DEF,WHU,4.5,3.08747456
2023-24,4,318,Burke,DEF,LUT,4.0,1.629212268
2023-24,4,528,Coufal,DEF,WHU,4.5,3.202053299
2023-24,4,507,Perisic,DEF,TOT,4.9,1.215280677
2023-24,4,104,Hickey,DEF,BRE,4.5,3.136060363
2023-24,4,305,Matip,DEF,LIV,4.9,3.557767134
2023-24,4,563,Kilman,DEF,WOL,4.5,3.015571145
2023-24,4,551,Dawson,DEF,WOL,4.5,2.893712921
2023-24,4,497,Emerson R,DEF,TOT,4.5,1.37187154
2023-24,4,368,Stones,DEF,MCI,5.3,0.0
2023-24,4,572,Semedo,DEF,WOL,4.5,2.67467705
2023-24,4,160,Beyer,DEF,BUR,4.0,0.238712546
2023-24,4,575,Lockyer,DEF,LUT,4.4,3.162080913
2023-24,4,25,Tomiyasu,DEF,ARS,4.5,1.156095586
2023-24,4,387,Maguire,DEF,MUN,4.4,0.263070128
2023-24,4,41,Carlos,DEF,AVL,4.5,1.464870006
2023-24,4,602,Kabore,DEF,LUT,4.0,2.70720819
2023-24,4,153,Webster,DEF,BHA,4.4,2.592768829
2023-24,4,604,Aina,DEF,NFO,4.5,1.939869332
2023-24,4,679,Montiel,DEF,NFO,4.5,0.761846354
2023-24,4,358,Lewis,DEF,MCI,4.5,2.2107584
2023-24,4,10,Kiwior,DEF,ARS,4.4,0.580917691
2023-24,4,96,Collins,DEF,BRE,4.5,3.070781769
2023-24,4,262,Patterson,DEF,EVE,4.5,2.751467257
2023-24,4,633,Livramento,DEF,NEW,4.5,0.0
2023-24,4,316,Bell,DEF,LUT,4.0,2.902336855
2023-24,4,173,O'Shea,DEF,BUR,4.5,2.808788402
2023-24,4,90,Ajer,DEF,BRE,4.5,0.699679719
2023-24,4,245,Branthwaite,DEF,EVE,4.0,2.423581247
2023-24,4,595,Kerkez,DEF,BOU,4.5,2.049650993
2023-24,4,260,Mykolenko,DEF,EVE,4.4,0.563511583
2023-24,4,247,Coleman,DEF,EVE,4.4,0.0
2023-24,4,157,Al-Dakhil,DEF,BUR,4.0,1.757808093
2023-24,4,298,J Gomez,DEF,LIV,4.5,2.78205711
2023-24,4,467,Williams,DEF,NFO,4.5,0.168202012
2023-24,4,37,Chambers,DEF,AVL,4.0,0.536570445
2023-24,4,283,A Robinson,DEF,FUL,4.5,0.966968178
2023-24,4,436,Aurier,DEF,NFO,4.5,1.360623158
2023-24,4,271,Diop,DEF,FUL,4.5,1.026476835
2023-24,4,588,Young,DEF,EVE,4.5,2.814231856
2023-24,4,610,Bassey,DEF,FUL,4.5,0.408862269
2023-24,4,83,Senesi,DEF,BOU,4.4,1.643133712
2023-24,4,455,McKenna,DEF,NFO,4.5,0.321296662
2023-24,4,592,Larouci,DEF,SHU,4.5,0.866428877
2023-24,4,674,Delcroix,DEF,BUR,4.0,1.889156137
2023-24,4,70,Kelly,DEF,BOU,4.5,2.39025984
2023-24,4,496,Dier,DEF,TOT,4.4,0.104178508
2023-24,4,281,Ream,DEF,FUL,4.5,0.871091794
2023-24,4,471,Ahmedhodzic,DEF,SHU,4.5,3.331941811
2023-24,4,457,Niakhate,DEF,NFO,4.5,1.764686369
2023-24,4,178,Taylor,DEF,BUR,4.0,1.021256195
2023-24,4,606,Igor,DEF,BHA,4.4,0.297460195
2023-24,4,194,Chalobah,DEF,CHE,4.4,0.320346367
2023-24,4,321,Doughty,DEF,LUT,4.4,1.525225427
2023-24,4,576,J Robinson,DEF,SHU,4.5,3.177112367
2023-24,4,439,Boly,DEF,NFO,4.5,1.70215873
2023-24,4,473,Baldock,DEF,SHU,4.0,1.179228778
2023-24,4,688,Castagne,DEF,FUL,4.5,0.452004597
2023-24,4,167,Ekdal,DEF,BUR,4.0,1.717809014
2023-24,4,395,Varane,DEF,MUN,5.1,1.526306286
2023-24,4,643,Aarons,DEF,BOU,4.5,1.892094081
2023-24,4,476,Bogle,DEF,SHU,4.5,2.448802442
2023-24,4,182,Vitinho,DEF,BUR,4.5,1.15190799
2023-24,4,577,Ogbonna,DEF,WHU,4.5,0.424452353
2023-24,4,89,Zabarnyi,DEF,BOU,4.5,2.017967292
2023-24,4,480,Egan,DEF,SHU,4.5,3.313543873
2023-24,4,252,Godfrey,DEF,EVE,4.4,0.928793853
2023-24,4,545,Ait-Nouri,DEF,WOL,4.5,1.65435203
2023-24,4,285,Tete,DEF,FUL,4.5,0.871462642
2023-24,4,84,Smith,DEF,BOU,4.4,0.0
2023-24,4,495,B Davies,DEF,TOT,4.5,0.594476157
2023-24,4,419,Lascelles,DEF,NEW,4.0,0.255428954
2023-24,4,548,H Bueno,DEF,WOL,4.5,1.576595285
2023-24,4,198,Cucurella,DEF,MUN,4.9,0.0
2023-24,4,417,Krafth,DEF,NEW,4.4,0.0
2023-24,4,598,Doherty,DEF,WOL,4.4,0.719523543
2023-24,4,75,Mepham,DEF,BOU,4.4,0.675756495
2023-24,4,537,Kehrer,DEF,WHU,4.4,1.415404877
2023-24,4,469,Worrall,DEF,NFO,4.5,1.540360788
2023-24,4,573,Toti,DEF,WOL,4.4,0.615576603
2023-24,4,51,Mings,DEF,AVL,4.3,0.0
2023-24,4,484,Lowe,DEF,SHU,4.5,0.0
2023-24,4,585,Timber,DEF,ARS,4.8,0.0
2023-24,4,238,C Richards,DEF,CRY,4.0,1.058289393
2023-24,4,257,Keane,DEF,EVE,4.5,1.386037949
2023-24,4,530,Cresswell,DEF,WHU,4.4,0.776625264
2023-24,4,330,Osho,DEF,LUT,4.5,0.0
2023-24,4,508,Reguilon,DEF,TOT,4.4,0.115234435
2023-24,4,222,Clyne,DEF,CRY,4.4,0.619571468
2023-24,4,676,Mavropanos,DEF,WHU,4.5,0.0
2023-24,4,204,Hall,DEF,NEW,4.5,0.5927807
2023-24,4,27,Trusty,DEF,SHU,4.0,0.972503833
2023-24,4,474,Basham,DEF,SHU,4.0,0.843087595
2023-24,4,428,Targett,DEF,NEW,4.4,1.119557783
2023-24,4,311,Tsimikas,DEF,LIV,4.4,0.756132549
2023-24,4,10019,N Ferguson,DEF,CRY,3.5,0.387872128
2023-24,4,68,Fredericks,DEF,BOU,4.4,0.0
2023-24,4,277,Mbabu,DEF,FUL,4.0,0.218243542
2023-24,4,315,M Andersen,DEF,LUT,4.0,1.568025112
2023-24,4,560,Jonny,DEF,WOL,4.4,0.358260134
2023-24,4,536,Ben Johnson,DEF,WHU,4.4,0.69671308
2023-24,4,114,Roerslev,DEF,BRE,4.5,0.761530201
2023-24,4,23,Tavares,DEF,NFO,4.0,0.949742422
2023-24,4,151,Veltman,DEF,BHA,4.4,1.783318739
2023-24,4,308,Salah,MID,LIV,12.5,6.197209373
2023-24,4,373,Fernandes,MID,MUN,8.5,4.376599149
2023-24,4,516,Son,MID,TOT,9.0,5.039011311
2023-24,4,396,Rashford,MID,MUN,9.0,3.801937633
2023-24,4,108,Mbeumo,MID,BRE,6.8,5.560343088
2023-24,4,19,Saka,MID,ARS,8.7,4.480450584
2023-24,4,504,Maddison,MID,TOT,7.7,4.778224294
2023-24,4,14,Odegaard,MID,ARS,8.5,4.483369311
2023-24,4,216,Sterling,MID,CHE,7.2,5.138319578
2023-24,4,12,Martinelli,MID,ARS,8.0,3.977026181
2023-24,4,226,Eze,MID,CRY,6.4,4.94009867
2023-24,4,353,Foden,MID,MCI,7.6,4.479047525
2023-24,4,354,Grealish,MID,MCI,7.4,4.743890157
2023-24,4,599,Diaby,MID,AVL,6.6,3.330344657
2023-24,4,143,Mitoma,MID,BHA,6.6,4.150974012
2023-24,4,303,Diaz,MID,LIV,7.7,3.30611396
2023-24,4,447,Gibbs-White,MID,NFO,5.9,3.633482278
2023-24,4,526,Bowen,MID,WHU,7.0,4.596336721
2023-24,4,140,March,MID,BHA,6.6,3.672381928
2023-24,4,134,Gross,MID,BHA,6.4,3.625624202
2023-24,4,267,Pereira,MID,FUL,5.5,2.49346468
2023-24,4,294,Jota,MID,LIV,8.0,3.005054465
2023-24,4,6,Havertz,MID,ARS,7.3,3.458039266
2023-24,4,509,Richarlison,MID,TOT,6.9,3.2207625
2023-24,4,236,Olise,MID,CRY,5.9,0.0
2023-24,4,402,Almiron,MID,NEW,6.4,2.800547332
2023-24,4,344,B Silva,MID,MCI,6.4,3.85971216
2023-24,4,199,Fernandez,MID,CHE,5.0,4.149159541
2023-24,4,304,Mac Allister,MID,LIV,6.0,3.738488157
2023-24,4,539,Paqueta,MID,WHU,6.0,2.476135314
2023-24,4,501,Kulusevski,MID,TOT,7.0,3.323151922
2023-24,4,365,Rodri,MID,MCI,5.7,4.062040537
2023-24,4,372,Antony,MID,MUN,6.9,2.490674563
2023-24,4,309,Szoboszlai,MID,LIV,7.0,2.682849849
2023-24,4,601,Danjuma,MID,EVE,5.5,3.553694358
2023-24,4,416,Joelinton,MID,NEW,5.9,2.958618192
2023-24,4,43,Luiz,MID,AVL,5.4,2.851815119
2023-24,4,406,Guimaraes,MID,NEW,5.9,3.163492045
2023-24,4,259,McNeil,MID,EVE,5.4,0.0
2023-24,4,376,Casemiro,MID,MUN,5.4,2.847042426
2023-24,4,591,Willian,MID,FUL,5.4,2.085283711
2023-24,4,63,Billing,MID,BOU,5.4,3.26166399
2023-24,4,429,Tonali,MID,NEW,5.5,2.936868333
2023-24,4,567,P Neto,MID,WOL,5.5,3.01434216
2023-24,4,570,Sarabia,MID,WOL,5.0,3.083759028
2023-24,4,221,Ayew,MID,CRY,5.5,3.288126636
2023-24,4,525,Benrahma,MID,WHU,5.9,2.975300664
2023-24,4,249,A Doucoure,MID,EVE,5.5,3.308770309
2023-24,4,630,Barkley,MID,LUT,5.0,3.548806661
2023-24,4,475,Berge,MID,BUR,4.9,3.031865012
2023-24,4,209,Mount,MID,MUN,6.8,0.0
2023-24,4,34,Bailey,MID,AVL,5.5,2.733724287
2023-24,4,106,Jensen,MID,BRE,5.4,3.487177888
2023-24,4,412,Gordon,MID,NEW,5.5,2.542435773
2023-24,4,379,Eriksen,MID,MUN,5.9,2.916803138
2023-24,4,256,Iwobi,MID,EVE,5.4,1.873552291
2023-24,4,689,Kudus,MID,WHU,6.5,2.669886785
2023-24,4,115,Schade,MID,BRE,5.4,2.923095586
2023-24,4,202,Gallagher,MID,CHE,5.5,3.386705109
2023-24,4,229,Hughes,MID,CRY,4.9,0.0
2023-24,4,280,Palhinha,MID,FUL,5.0,1.949963525
2023-24,4,608,Bruun Larsen,MID,BUR,5.0,0.096237937
2023-24,4,663,Hamer,MID,SHU,5.0,3.560101092
2023-24,4,540,Rice,MID,ARS,5.4,2.917960801
2023-24,4,432,Willock,MID,NEW,5.4,0.0
2023-24,4,664,Ward-Prowse,MID,WHU,6.0,3.210806941
2023-24,4,668,Endo,MID,LIV,5.5,2.948828121
2023-24,4,603,Barnes,MID,NEW,6.5,2.204144601
2023-24,4,72,Kluivert,MID,BOU,4.9,2.879221104
2023-24,4,397,Sancho,MID,MUN,6.9,2.568189692
2023-24,4,557,Hwang H,MID,WOL,5.5,2.477426519
2023-24,4,356,Kovacic,MID,MCI,5.0,3.006627755
2023-24,4,125,Buonanotte,MID,BHA,4.9,0.323593648
2023-24,4,672,Zaniolo,MID,AVL,5.5,0.851593171
2023-24,4,240,Schlupp,MID,CRY,5.0,3.026269058
2023-24,4,184,Zaroury,MID,BUR,4.9,0.0
2023-24,4,678,Doku,MID,MCI,6.5,1.838081049
2023-24,4,586,Chong,MID,LUT,5.0,2.319252015
2023-24,4,38,Coutinho,MID,AVL,5.9,0.168012512
2023-24,4,442,Danilo,MID,NFO,5.4,2.495398307
2023-24,4,110,Norgaard,MID,BRE,5.5,3.128648596
2023-24,4,165,Cullen,MID,BUR,5.0,2.451330238
2023-24,4,105,Janelt,MID,BRE,5.5,3.189237343
2023-24,4,210,Mudryk,MID,CHE,6.4,1.052933431
2023-24,4,196,Chukwuemeka,MID,CHE,4.4,0.0
2023-24,4,130,Enciso,MID,BHA,5.3,0.0
2023-24,4,223,C Doucoure,MID,CRY,5.0,2.81492761
2023-24,4,126,Caicedo,MID,CHE,4.9,2.790416695
2023-24,4,488,Norwood,MID,SHU,5.0,3.083947835
2023-24,4,50,McGinn,MID,AVL,5.5,2.699562757
2023-24,4,542,Soucek,MID,WHU,5.0,2.364806129
2023-24,4,15,Partey,MID,ARS,4.9,2.172088002
2023-24,4,231,Lerma,MID,CRY,4.9,3.10827784
2023-24,4,600,Redmond,MID,BUR,4.9,0.361434883
2023-24,4,98,Damsgaard,MID,BRE,4.9,1.430431225
2023-24,4,92,Baptiste,MID,BRE,4.5,0.0
2023-24,4,450,Brennan Johnson,MID,NFO,5.9,1.727403681
2023-24,4,26,Trossard,MID,ARS,6.7,1.815384814
2023-24,4,208,Madueke,MID,CHE,5.4,2.859025054
2023-24,4,205,Hudson-Odoi,MID,NFO,4.9,1.736361519
2023-24,4,493,Bissouma,MID,TOT,5.0,2.316954129
2023-24,4,675,A Ramsey,MID,BUR,5.0,0.913239794
2023-24,4,565,Lemina,MID,WOL,5.0,2.408491229
2023-24,4,513,Sarr,MID,TOT,4.5,2.192953626
2023-24,4,159,Benson,MID,BUR,5.4,1.92321669
2023-24,4,446,Freuler,MID,NFO,4.9,0.164717553
2023-24,4,288,H Wilson,MID,FUL,5.4,2.092220393
2023-24,4,128,Dahoud,MID,BHA,4.9,1.857201464
2023-24,4,378,Elanga,MID,NFO,5.0,1.653712016
2023-24,4,55,J Ramsey,MID,AVL,5.9,0.209907194
2023-24,4,65,Christie,MID,BOU,5.0,2.206429584
2023-24,4,81,Rothwell,MID,BOU,5.0,1.310893955
2023-24,4,613,Ugochukwu,MID,CHE,4.5,0.802610796
2023-24,4,52,Nakamba,MID,LUT,4.5,2.634117386
2023-24,4,605,Koleosho,MID,BUR,5.0,2.359824991
2023-24,4,666,T Davies,MID,SHU,5.0,2.69232606
2023-24,4,170,Gudmundsson,MID,BUR,4.9,1.032791464
2023-24,4,142,Milner,MID,BHA,5.0,1.917865516
2023-24,4,566,Nunes,MID,MCI,5.0,1.342551483
2023-24,4,250,Garner,MID,EVE,5.0,2.507577258
2023-24,4,300,Jones,MID,LIV,4.9,0.0
2023-24,4,276,Lukic,MID,FUL,4.5,1.509750598
2023-24,4,47,Kamara,MID,AVL,5.0,2.159596551
2023-24,4,161,Brownhill,MID,BUR,4.9,2.818059775
2023-24,4,470,Yates,MID,NFO,4.9,2.062220239
2023-24,4,86,Tavernier,MID,BOU,5.4,0.0
2023-24,4,503,Lo Celso,MID,TOT,4.9,1.775410541
2023-24,4,382,Garnacho,MID,MUN,4.9,1.245512423
2023-24,4,392,McTominay,MID,MUN,4.9,0.819590177
2023-24,4,661,Harrison,MID,EVE,5.5,0.0
2023-24,4,99,Dasilva,MID,BRE,4.9,0.0
2023-24,4,423,Murphy,MID,NEW,4.9,0.555729561
2023-24,4,421,S Longstaff,MID,NEW,4.9,0.687814571
2023-24,4,642,E Alvarez,MID,WHU,5.0,2.376582401
2023-24,4,107,Lewis-Potter,MID,BRE,4.9,1.782717348
2023-24,4,453,Mangala,MID,NFO,5.0,2.056743659
2023-24,4,270,Reid,MID,FUL,5.5,1.891281598
2023-24,4,351,Doyle,MID,WOL,4.4,0.003474814
2023-24,4,254,Gueye,MID,EVE,4.9,2.24231507
2023-24,4,660,Odobert,MID,BUR,5.0,0.003556608
2023-24,4,492,Bentancur,MID,TOT,5.5,0.0
2023-24,4,489,Osborn,MID,SHU,4.9,2.104022829
2023-24,4,583,Solomon,MID,TOT,5.4,1.068940053
2023-24,4,559,Gomes,MID,WOL,5.0,2.196719682
2023-24,4,282,Reed,MID,FUL,4.9,1.795918934
2023-24,4,58,Tielemans,MID,AVL,5.9,1.271754377
2023-24,4,662,A Traore,MID,FUL,5.0,1.746640587
2023-24,4,582,Mpanzu,MID,LUT,4.9,2.256368184
2023-24,4,21,Lokonga,MID,ARS,4.9,0.003320098
2023-24,4,295,Elliott,MID,LIV,4.9,1.559669115
2023-24,4,364,Phillips,MID,MCI,4.9,0.165528402
2023-24,4,66,Cook,MID,BOU,5.0,2.124648234
2023-24,4,534,Fornals,MID,WHU,4.9,1.311450207
2023-24,4,268,Cairney,MID,FUL,5.0,0.442594393
2023-24,4,481,Fleck,MID,SHU,4.9,0.0
2023-24,4,644,Scott,MID,BOU,5.0,0.0
2023-24,4,673,Adams,MID,BOU,5.0,0.0
2023-24,4,35,Buendia,MID,AVL,5.8,0.0
2023-24,4,349,De Bruyne,MID,MCI,10.3,0.0
2023-24,4,133,Gilmour,MID,BHA,5.0,2.100935685
2023-24,4,9,Jorginho,MID,ARS,5.4,0.581423553
2023-24,4,403,Anderson,MID,NEW,4.4,1.000411427
2023-24,4,458,O'Brien,MID,NFO,4.9,0.074662472
2023-24,4,292,Bajcetic,MID,LIV,4.9,0.253873313
2023-24,4,310,Thiago,MID,LIV,4.9,0.636228376
2023-24,4,62,Anthony,MID,BOU,4.9,1.492083564
2023-24,4,499,Hojbjerg,MID,TOT,5.4,1.076524834
2023-24,4,87,H Traore,MID,BOU,4.9,2.178631538
2023-24,4,624,Dobbin,MID,EVE,4.5,0.732592374
2023-24,4,78,Ouattara,MID,BOU,4.9,0.0
2023-24,4,253,Gray,MID,EVE,5.3,0.0
2023-24,4,587,Slimane,MID,SHU,4.9,0.0
2023-24,4,261,Amadou Onana,MID,EVE,4.9,2.360308019
2023-24,4,320,Clark,MID,LUT,4.9,0.151813896
2023-24,4,527,Cornet,MID,WHU,5.4,0.790630246
2023-24,4,568,Podence,MID,WOL,5.4,0.904799819
2023-24,4,400,van de Beek,MID,MUN,4.9,1.036887734
2023-24,4,451,Kouyate,MID,NFO,4.9,0.692051309
2023-24,4,4,Vieira,MID,ARS,5.4,0.941149662
2023-24,4,319,Campbell,MID,LUT,4.9,1.066144212
2023-24,4,515,Skipp,MID,TOT,4.9,0.749432957
2023-24,4,638,Souza,MID,SHU,5.0,2.384975133
2023-24,4,111,Onyeka,MID,BRE,4.9,1.080944581
2023-24,4,163,Cork,MID,BUR,4.9,0.746230094
2023-24,4,64,Brooks,MID,BOU,4.9,1.924784867
2023-24,4,609,Maatsen,MID,CHE,5.3,1.966946372
2023-24,4,22,Smith Rowe,MID,ARS,5.4,0.879713658
2023-24,4,138,Lallana,MID,BHA,4.9,1.227253208
2023-24,4,322,Freeman,MID,LUT,4.9,0.371037461
2023-24,4,40,Dendoncker,MID,AVL,4.9,0.444319564
2023-24,4,362,Palmer,MID,CHE,5.0,0.212494839
2023-24,4,574,Boubacar Traore,MID,WOL,4.4,1.417772029
2023-24,4,667,Lavia,MID,CHE,5.0,0.0
2023-24,4,219,Ahamada,MID,CRY,4.4,1.186312793
2023-24,4,690,Baleba,MID,BHA,4.5,0.0
2023-24,4,355,Haaland,FWD,MCI,14.0,8.19245153
2023-24,4,60,Watkins,FWD,AVL,8.0,3.919418503
2023-24,4,415,Isak,FWD,NEW,7.7,3.798903037
2023-24,4,211,Jackson,FWD,CHE,7.1,4.486925707
2023-24,4,8,Jesus,FWD,ARS,7.9,4.68321113
2023-24,4,343,J Alvarez,FWD,MCI,6.6,4.120895424
2023-24,4,437,Awoniyi,FWD,NFO,6.5,3.708152428
2023-24,4,85,Solanke,FWD,BOU,6.5,3.813499824
2023-24,4,293,Nunez,FWD,LIV,7.3,3.155841571
2023-24,4,119,Wissa,FWD,BRE,6.2,4.087164655
2023-24,4,246,Calvert-Lewin,FWD,EVE,5.8,0.0
2023-24,4,326,Morris,FWD,LUT,5.5,3.654416794
2023-24,4,297,Gakpo,FWD,LIV,7.4,3.127740809
2023-24,4,558,Jimenez,FWD,FUL,5.4,2.588448884
2023-24,4,590,Cunha,FWD,WOL,5.5,2.967522215
2023-24,4,433,C Wilson,FWD,NEW,7.9,2.918903566
2023-24,4,617,Hojlund,FWD,MUN,7.0,0.0
2023-24,4,523,Antonio,FWD,WHU,6.0,3.115252076
2023-24,4,225,Edouard,FWD,CRY,5.5,3.394018825
2023-24,4,135,Pedro,FWD,BHA,5.5,2.510095484
2023-24,4,33,Archer,FWD,SHU,4.5,2.711937047
2023-24,4,154,Welbeck,FWD,BHA,5.9,3.026097051
2023-24,4,691,Beto,FWD,EVE,6.0,2.520735286
2023-24,4,168,Foster,FWD,BUR,5.0,2.660659826
2023-24,4,314,Adebayo,FWD,LUT,4.9,2.913013385
2023-24,4,132,E Ferguson,FWD,BHA,5.9,2.668257545
2023-24,4,594,Amdouni,FWD,BUR,5.5,3.432136887
2023-24,4,485,McBurnie,FWD,SHU,5.4,2.947629568
2023-24,4,593,Benie Traore,FWD,SHU,5.5,4.180609607
2023-24,4,390,Martial,FWD,MUN,6.5,1.652496364
2023-24,4,13,Nketiah,FWD,ARS,5.6,1.34539067
2023-24,4,552,F Silva,FWD,WOL,5.5,1.965026559
2023-24,4,535,Ings,FWD,WHU,5.9,2.359614855
2023-24,4,174,Obafemi,FWD,BUR,4.9,0.0
2023-24,4,82,Semenyo,FWD,BOU,4.5,1.724692281
2023-24,4,490,Osula,FWD,SHU,4.5,0.573861984
2023-24,4,483,Jebbison,FWD,SHU,4.9,0.0
2023-24,4,466,Hwang U,FWD,NFO,4.4,0.319732883
2023-24,4,477,Brewster,FWD,SHU,4.9,0.0
2023-24,4,212,Nkunku,FWD,CHE,7.4,0.0
2023-24,4,117,Toney,FWD,BRE,7.9,0.0
2023-24,4,562,Kalajdzic,FWD,WOL,5.0,1.27593951
2023-24,4,538,Mubama,FWD,WHU,4.5,0.140716704
2023-24,4,641,Veliz,FWD,TOT,5.5,1.129270892
2023-24,4,468,Wood,FWD,NFO,5.0,1.121903011
2023-24,4,443,Dennis,FWD,NFO,4.9,0.173093021
2023-24,4,177,Rodriguez,FWD,BUR,5.4,1.582111617
2023-24,4,328,Ogbene,FWD,LUT,4.9,1.258163614
2023-24,4,287,Vinicius,FWD,FUL,4.9,0.772764963
2023-24,4,76,Moore,FWD,BOU,4.9,1.031543018
2023-24,4,44,Duran,FWD,AVL,5.0,0.53082709
2023-24,4,340,Woodrow,FWD,LUT,4.5,0.317382484
2023-24,4,193,Broja,FWD,CHE,4.9,0.0
2023-24,4,232,Mateta,FWD,CRY,4.9,2.282275531
2023-24,4,258,Maupay,FWD,EVE,5.0,2.730578946
2023-24,4,657,Rak-Sakyi,FWD,CRY,4.5,1.187525852
2023-24,4,645,Chermiti,FWD,EVE,5.0,1.825078244
