,,,,,,,,Tackles,Tackles,Tackles,Tackles,Tackles,Challenges,Challenges,Challenges,Challenges,Blocks,Blocks,Blocks,,,,,,-additional
Rk,Player,Nation,Pos,Squad,Age,Born,90s,Tkl,TklW,Def 3rd,Mid 3rd,Att 3rd,Tkl,Att,Tkl%,Lost,Blocks,Sh,Pass,Int,Tkl+Int,Clr,Err,Matches,-9999
1,Max Aarons,eng ENG,DF,Bournemouth,23,2000,13.7,,19,,,,,,,,,,,8,,,,Matches,774cf58b
2,Joshua Acheampong,eng ENG,DF,Chelsea,17,2006,0.1,,0,,,,,,,,,,,0,,,,Matches,b7e62e1d
3,Tyler Adams,us USA,MF,Bournemouth,24,1999,1.3,,3,,,,,,,,,,,4,,,,Matches,2b09d998
4,Tosin Adarabioyo,eng ENG,DF,Fulham,25,1997,18.0,,12,,,,,,,,,,,24,,,,Matches,c81d773d
5,Elijah Adebayo,eng ENG,FW,Luton Town,25,1998,15.8,,1,,,,,,,,,,,4,,,,Matches,0480ebc7
6,Simon Adingra,ci CIV,MF,Brighton,21,2002,24.7,,20,,,,,,,,,,,21,,,,Matches,4dcec659
7,Nayef Aguerd,ma MAR,DF,West Ham,27,1996,20.6,,14,,,,,,,,,,,16,,,,Matches,288e1e13
8,Brandon Aguilera,cr CRC,MF,Nottingham,20,2003,0.1,,0,,,,,,,,,,,0,,,,Matches,938fa024
9,Naouirou Ahamada,fr FRA,MF,Crystal Palace,21,2002,3.9,,9,,,,,,,,,,,2,,,,Matches,a6c58494
10,Anel Ahmedhodžić,ba BIH,DF,Sheffield United,24,1999,29.4,,35,,,,,,,,,,,33,,,,Matches,eab957a3
11,Ola Aina,ng NGA,DFMF,Nottingham,26,1996,18.8,,29,,,,,,,,,,,17,,,,Matches,246d153b
12,Rayan Aït-Nouri,dz ALG,MFDF,Wolves,22,2001,25.9,,45,,,,,,,,,,,16,,,,Matches,9b398aea
13,Kristoffer Ajer,no NOR,DF,Brentford,25,1998,20.4,,23,,,,,,,,,,,21,,,,Matches,a8c0acb7
14,Manuel Akanji,ch SUI,DFMF,Manchester City,28,1995,27.9,,28,,,,,,,,,,,22,,,,Matches,89ac64a6
15,Nathan Aké,nl NED,DF,Manchester City,28,1995,22.7,,16,,,,,,,,,,,15,,,,Matches,eaeca114
16,Thiago Alcántara,es ESP,MF,Liverpool,32,1991,0.1,,0,,,,,,,,,,,0,,,,Matches,77e84962
17,Trent Alexander-Arnold,eng ENG,DF,Liverpool,24,1998,23.9,,27,,,,,,,,,,,29,,,,Matches,cd1acf9d
18,Alisson,br BRA,GK,Liverpool,30,1992,28.0,,0,,,,,,,,,,,0,,,,Matches,7a2e46a8
19,Miguel Almirón,py PAR,FW,Newcastle,29,1994,21.5,,24,,,,,,,,,,,10,,,,Matches,862a1c15
20,Edson Álvarez,mx MEX,MF,West Ham,25,1997,26.4,,40,,,,,,,,,,,43,,,,Matches,8b3ab7ad
21,Julián Álvarez,ar ARG,MFFW,Manchester City,23,2000,29.4,,13,,,,,,,,,,,2,,,,Matches,15ab5a2b
22,Zeki Amdouni,ch SUI,FW,Burnley,22,2000,21.7,,19,,,,,,,,,,,10,,,,Matches,2ee5b0c9
23,Sofyan Amrabat,ma MAR,MFDF,Manchester Utd,26,1996,10.4,,15,,,,,,,,,,,8,,,,Matches,5a2cb25d
24,Joachim Andersen,dk DEN,DF,Crystal Palace,27,1996,37.9,,36,,,,,,,,,,,42,,,,Matches,e34fc66d
25,Elliot Anderson,eng ENG,MFFW,Newcastle,20,2002,11.4,,18,,,,,,,,,,,9,,,,Matches,de31038e
26,Jaidon Anthony,eng ENG,MF,Bournemouth,23,1999,1.7,,1,,,,,,,,,,,0,,,,Matches,e4238fb1
27,Michail Antonio,jm JAM,FW,West Ham,33,1990,18.8,,8,,,,,,,,,,,2,,,,Matches,ac05f970
28,Antony,br BRA,MF,Manchester Utd,23,2000,14.7,,22,,,,,,,,,,,11,,,,Matches,99127249
29,Oliver Arblaster,eng ENG,MF,Sheffield United,19,2004,10.5,,17,,,,,,,,,,,15,,,,Matches,afe1a491
30,Cameron Archer,eng ENG,FWMF,Sheffield United,22,2001,20.4,,12,,,,,,,,,,,1,,,,Matches,05e8ca6d
31,Cameron Archer,eng ENG,FWMF,Aston Villa,22,2001,0.1,,0,,,,,,,,,,,0,,,,Matches,05e8ca6d
32,Alphonse Areola,fr FRA,GK,West Ham,30,1993,30.0,,1,,,,,,,,,,,1,,,,Matches,2f965a72
33,Lorenz Assignon,tg TOG,DF,Burnley,23,2000,13.7,,17,,,,,,,,,,,17,,,,Matches,b026bbf6
34,Serge Aurier,ci CIV,DFMF,Nottingham,30,1992,9.3,,14,,,,,,,,,,,8,,,,Matches,5c2b4f07
35,Taiwo Awoniyi,ng NGA,FW,Nottingham,25,1997,11.6,,6,,,,,,,,,,,1,,,,Matches,e5478b87
36,Jordan Ayew,gh GHA,MFFW,Crystal Palace,31,1991,28.3,,37,,,,,,,,,,,17,,,,Matches,da052c14
37,Benoît Badiashile,fr FRA,DF,Chelsea,22,2001,14.9,,15,,,,,,,,,,,18,,,,Matches,06df8256
38,Leon Bailey,jm JAM,MF,Aston Villa,25,1997,23.0,,8,,,,,,,,,,,9,,,,Matches,3a233281
39,Stefan Bajcetic,es ESP,MF,Liverpool,18,2004,0.3,,1,,,,,,,,,,,0,,,,Matches,32e8417f
40,George Baldock,gr GRE,DFMF,Sheffield United,30,1993,10.8,,9,,,,,,,,,,,10,,,,Matches,394854c4
41,Carlos Baleba,cm CMR,MF,Brighton,19,2004,14.7,,21,,,,,,,,,,,18,,,,Matches,a1390d2f
42,Fodé Ballo-Touré,sn SEN,DFMF,Fulham,26,1997,0.8,,2,,,,,,,,,,,3,,,,Matches,f449640d
43,Shandon Baptiste,gd GRN,MF,Brentford,25,1998,2.5,,3,,,,,,,,,,,3,,,,Matches,2886c9b5
44,Valentín Barco,ar ARG,DF,Brighton,19,2004,3.4,,5,,,,,,,,,,,4,,,,Matches,b9f282ec
45,Ross Barkley,eng ENG,MF,Luton Town,29,1993,29.1,,20,,,,,,,,,,,25,,,,Matches,3a24769f
46,Harvey Barnes,eng ENG,FWMF,Newcastle,25,1997,8.9,,1,,,,,,,,,,,3,,,,Matches,3ea50f67
47,Chris Basham,eng ENG,DFMF,Sheffield United,35,1988,3.6,,2,,,,,,,,,,,4,,,,Matches,1aa84968
48,Calvin Bassey,ng NGA,DF,Fulham,23,1999,25.6,,29,,,,,,,,,,,27,,,,Matches,a36524bf
49,Owen Beck,wls WAL,DFMF,Liverpool,20,2002,0.1,,1,,,,,,,,,,,0,,,,Matches,a011a1e9
50,Donny van de Beek,nl NED,MF,Manchester Utd,26,1997,0.0,,0,,,,,,,,,,,0,,,,Matches,50dc94ce
51,Amari'i Bell,jm JAM,DF,Luton Town,29,1994,19.1,,31,,,,,,,,,,,26,,,,Matches,399e9474
52,Jean-Ricner Bellegarde,ht HAI,MFFW,Wolves,25,1998,10.6,,9,,,,,,,,,,,8,,,,Matches,10f0fdd3
53,Anis Ben Slimane,tn TUN,MF,Sheffield United,22,2001,4.7,,6,,,,,,,,,,,5,,,,Matches,9ade9ce1
54,Saïd Benrahma,dz ALG,MF,West Ham,27,1995,6.9,,4,,,,,,,,,,,5,,,,Matches,5a04fd92
55,Rodrigo Bentancur,uy URU,MF,Tottenham,26,1997,11.2,,16,,,,,,,,,,,16,,,,Matches,3b8674e6
56,Daniel Bentley,eng ENG,GK,Wolves,30,1993,4.3,,0,,,,,,,,,,,0,,,,Matches,68db6358
57,Jóhann Berg Guðmundsson,is ISL,MF,Burnley,32,1990,13.2,,4,,,,,,,,,,,15,,,,Matches,f72293fc
58,Sander Berge,no NOR,MF,Burnley,25,1998,33.4,,47,,,,,,,,,,,24,,,,Matches,d0b6129f
59,Luke Berry,eng ENG,MF,Luton Town,31,1992,3.6,,2,,,,,,,,,,,0,,,,Matches,2aaadf33
60,Beto,gw GNB,FW,Everton,25,1998,10.6,,6,,,,,,,,,,,1,,,,Matches,ed5c0319
61,Jordan Beyer,de GER,DF,Burnley,23,2000,13.7,,19,,,,,,,,,,,17,,,,Matches,9af1f9ff
62,Philip Billing,dk DEN,MF,Bournemouth,27,1996,15.5,,19,,,,,,,,,,,18,,,,Matches,d328a254
63,Yves Bissouma,ml MLI,MF,Tottenham,26,1996,23.0,,51,,,,,,,,,,,34,,,,Matches,6c203af0
64,Benicio Boaitey,eng ENG,FW,Brighton,19,2004,0.4,,0,,,,,,,,,,,0,,,,Matches,4c5835e6
65,Oscar Bobb,no NOR,MF,Manchester City,20,2003,3.4,,3,,,,,,,,,,,5,,,,Matches,eed2427e
66,Jayden Bogle,eng ENG,MFDF,Sheffield United,23,2000,31.0,,37,,,,,,,,,,,32,,,,Matches,ae5019e6
67,Willy Boly,ci CIV,DF,Nottingham,32,1991,16.0,,30,,,,,,,,,,,24,,,,Matches,a4ac4b8f
68,Sven Botman,nl NED,DF,Newcastle,23,2000,15.3,,13,,,,,,,,,,,9,,,,Matches,ccce7025
69,Jarrod Bowen,eng ENG,MFFW,West Ham,26,1996,33.5,,29,,,,,,,,,,,19,,,,Matches,79c84d1c
70,Conor Bradley,nir NIR,DF,Liverpool,20,2003,8.4,,25,,,,,,,,,,,10,,,,Matches,bbd67769
71,Jarrad Branthwaite,eng ENG,DF,Everton,21,2002,34.6,,33,,,,,,,,,,,48,,,,Matches,c1949191
72,Ben Brereton Díaz,cl CHI,FWMF,Sheffield United,24,1999,12.3,,4,,,,,,,,,,,3,,,,Matches,57827369
73,Rhian Brewster,eng ENG,FW,Sheffield United,23,2000,3.8,,1,,,,,,,,,,,1,,,,Matches,30e81a88
74,Armando Broja,al ALB,FW,Chelsea,21,2001,5.0,,0,,,,,,,,,,,0,,,,Matches,97220da2
75,Armando Broja,al ALB,FW,Fulham,21,2001,1.0,,0,,,,,,,,,,,0,,,,Matches,97220da2
76,Andre Brooks,jm JAM,MF,Sheffield United,19,2003,10.4,,10,,,,,,,,,,,15,,,,Matches,5f346071
77,David Brooks,wls WAL,MF,Bournemouth,26,1997,3.1,,4,,,,,,,,,,,2,,,,Matches,dc4cae05
78,Jacob Brown,sct SCO,MFFW,Luton Town,25,1998,11.3,,12,,,,,,,,,,,9,,,,Matches,ca18c8f1
79,Josh Brownhill,eng ENG,MF,Burnley,27,1995,25.0,,35,,,,,,,,,,,33,,,,Matches,47369df8
80,Jacob Bruun Larsen,dk DEN,MF,Burnley,24,1998,13.9,,4,,,,,,,,,,,8,,,,Matches,4e204552
81,Hugo Bueno,es ESP,MFDF,Wolves,20,2002,8.2,,14,,,,,,,,,,,5,,,,Matches,bfc3b3a0
82,Santiago Bueno,uy URU,DF,Wolves,24,1998,9.1,,7,,,,,,,,,,,6,,,,Matches,edc98fac
83,Facundo Buonanotte,ar ARG,MFFW,Brighton,18,2004,15.2,,22,,,,,,,,,,,7,,,,Matches,468a7a91
84,Reece Burke,eng ENG,DF,Luton Town,26,1996,18.4,,24,,,,,,,,,,,21,,,,Matches,a681b7b7
85,Dan Burn,eng ENG,DF,Newcastle,31,1992,30.3,,34,,,,,,,,,,,35,,,,Matches,b2d31e83
86,Mason Burstow,eng ENG,FW,Chelsea,19,2003,0.1,,0,,,,,,,,,,,0,,,,Matches,dab84ad2
87,Moisés Caicedo,ec ECU,MF,Chelsea,21,2001,31.8,,46,,,,,,,,,,,34,,,,Matches,16264a81
88,Tom Cairney,sct SCO,MF,Fulham,32,1991,16.5,,17,,,,,,,,,,,12,,,,Matches,a8748947
89,Dominic Calvert-Lewin,eng ENG,FW,Everton,26,1997,24.1,,6,,,,,,,,,,,4,,,,Matches,59e6e5bf
90,Tom Cannon,ie IRL,FW,Everton,20,2002,0.0,,0,,,,,,,,,,,0,,,,Matches,4506aec5
91,Diego Carlos,br BRA,DF,Aston Villa,30,1993,20.2,,16,,,,,,,,,,,12,,,,Matches,b4a014b1
92,Cesare Casadei,it ITA,MF,Chelsea,20,2003,0.9,,3,,,,,,,,,,,0,,,,Matches,fb920f3a
93,Casemiro,br BRA,MFDF,Manchester Utd,31,1992,22.0,,54,,,,,,,,,,,18,,,,Matches,4d224fe8
94,Kaelan Casey,eng ENG,DF,West Ham,18,2004,0.0,,0,,,,,,,,,,,0,,,,Matches,cd4b2c5f
95,Matty Cash,pl POL,DFMF,Aston Villa,25,1997,23.8,,30,,,,,,,,,,,18,,,,Matches,2389cdc2
96,Timothy Castagne,be BEL,DF,Fulham,27,1995,29.3,,25,,,,,,,,,,,37,,,,Matches,197640fd
97,Jonny Castro,es ESP,DFMF,Wolves,29,1994,0.1,,0,,,,,,,,,,,0,,,,Matches,e28868f3
98,Trevoh Chalobah,eng ENG,DF,Chelsea,24,1999,10.6,,12,,,,,,,,,,,8,,,,Matches,5515376c
99,Calum Chambers,eng ENG,MF,Aston Villa,28,1995,1.7,,0,,,,,,,,,,,2,,,,Matches,dc6f5bdd
100,Youssef Chermiti,pt POR,FW,Everton,19,2004,2.3,,2,,,,,,,,,,,1,,,,Matches,890f108d
101,Ben Chilwell,eng ENG,MFDF,Chelsea,26,1996,8.4,,10,,,,,,,,,,,4,,,,Matches,d2424d1b
102,Tawanda Chirewa,zw ZIM,FW,Wolves,19,2003,1.6,,3,,,,,,,,,,,1,,,,Matches,34721c11
103,Leon Chiwome,eng ENG,FW,Wolves,17,2006,1.9,,1,,,,,,,,,,,0,,,,Matches,a2852b4f
104,Tahith Chong,cw CUW,MFFW,Luton Town,23,1999,22.0,,20,,,,,,,,,,,7,,,,Matches,2696b6a9
105,Ryan Christie,sct SCO,MF,Bournemouth,28,1995,32.3,,43,,,,,,,,,,,51,,,,Matches,26ce2263
106,Carney Chukwuemeka,at AUT,MF,Chelsea,19,2003,2.5,,4,,,,,,,,,,,0,,,,Matches,b2f9c73e
107,Bobby Clark,eng ENG,MF,Liverpool,18,2005,1.0,,1,,,,,,,,,,,1,,,,Matches,73341ace
108,Jordan Clark,eng ENG,MF,Luton Town,29,1993,14.5,,16,,,,,,,,,,,10,,,,Matches,7c5fa6cf
109,Nathaniel Clyne,eng ENG,DF,Crystal Palace,32,1991,14.9,,15,,,,,,,,,,,9,,,,Matches,0442183b
110,Séamus Coleman,ie IRL,DF,Everton,34,1988,7.4,,14,,,,,,,,,,,7,,,,Matches,0420d84f
111,Nathan Collins,ie IRL,DF,Brentford,22,2001,29.5,,20,,,,,,,,,,,43,,,,Matches,a8c19eb8
112,Levi Colwill,eng ENG,DF,Chelsea,20,2003,20.0,,33,,,,,,,,,,,25,,,,Matches,700783e7
113,Lewis Cook,eng ENG,MF,Bournemouth,26,1997,31.0,,42,,,,,,,,,,,67,,,,Matches,2afc7272
114,Jack Cork,eng ENG,DFMF,Burnley,34,1989,0.3,,0,,,,,,,,,,,1,,,,Matches,74e12f1e
115,Maxwel Cornet,ci CIV,MF,West Ham,26,1996,1.2,,2,,,,,,,,,,,2,,,,Matches,beb391dd
116,Vladimír Coufal,cz CZE,DF,West Ham,30,1992,34.8,,42,,,,,,,,,,,38,,,,Matches,fdf3cb77
117,Philippe Coutinho,br BRA,FWMF,Aston Villa,31,1992,0.3,,0,,,,,,,,,,,0,,,,Matches,0ef89a37
118,Aaron Cresswell,eng ENG,DF,West Ham,33,1989,4.8,,2,,,,,,,,,,,4,,,,Matches,4f974391
119,Marc Cucurella,es ESP,DF,Chelsea,25,1998,19.8,,39,,,,,,,,,,,21,,,,Matches,1daec722
120,Josh Cullen,ie IRL,MF,Burnley,27,1996,22.9,,26,,,,,,,,,,,14,,,,Matches,f6d7d690
121,Matheus Cunha,br BRA,FWMF,Wolves,24,1999,27.1,,15,,,,,,,,,,,11,,,,Matches,dc62b55d
122,Sam Curtis,ie IRL,DF,Sheffield United,17,2005,0.3,,0,,,,,,,,,,,0,,,,Matches,7d42865e
123,Mahmoud Dahoud,de GER,MF,Brighton,27,1996,5.0,,4,,,,,,,,,,,1,,,,Matches,db4ed67b
124,Ameen Al-Dakhil,be BEL,DF,Burnley,21,2002,11.7,,5,,,,,,,,,,,11,,,,Matches,93e08bce
125,Diogo Dalot,pt POR,DF,Manchester Utd,24,1999,35.3,,50,,,,,,,,,,,38,,,,Matches,d9565625
126,Mikkel Damsgaard,dk DEN,MF,Brentford,23,2000,9.4,,18,,,,,,,,,,,12,,,,Matches,215f3907
127,Arnaut Danjuma,nl NED,MFFW,Everton,26,1997,6.6,,4,,,,,,,,,,,3,,,,Matches,f08490a6
128,Jayden Danns,eng ENG,FW,Liverpool,17,2006,0.1,,0,,,,,,,,,,,0,,,,Matches,003cf4d1
129,Josh Dasilva,eng ENG,MF,Brentford,24,1998,0.3,,1,,,,,,,,,,,0,,,,Matches,60344e4f
130,David Datro Fofana,ci CIV,FW,Burnley,20,2002,9.8,,5,,,,,,,,,,,1,,,,Matches,e82900ef
131,Ben Davies,wls WAL,DF,Tottenham,30,1993,12.1,,16,,,,,,,,,,,10,,,,Matches,44781702
132,Tom Davies,eng ENG,MF,Sheffield United,25,1998,2.5,,5,,,,,,,,,,,3,,,,Matches,9228b07c
133,Craig Dawson,eng ENG,DF,Wolves,33,1990,24.5,,19,,,,,,,,,,,16,,,,Matches,3e9e06cb
134,Kevin De Bruyne,be BEL,MF,Manchester City,32,1991,13.6,,9,,,,,,,,,,,3,,,,Matches,e46012d4
135,Bobby De Cordova-Reid,jm JAM,MFFW,Fulham,30,1993,15.8,,14,,,,,,,,,,,5,,,,Matches,0f7533cd
136,Hannes Delcroix,ht HAI,DF,Burnley,24,1999,6.5,,6,,,,,,,,,,,12,,,,Matches,b737f944
137,Leander Dendoncker,be BEL,MF,Aston Villa,28,1995,1.3,,4,,,,,,,,,,,2,,,,Matches,5a7301ae
138,Moussa Diaby,fr FRA,MFFW,Aston Villa,24,1999,24.2,,5,,,,,,,,,,,9,,,,Matches,aeed5c06
139,Amad Diallo,ci CIV,MF,Manchester Utd,21,2002,4.3,,4,,,,,,,,,,,1,,,,Matches,9dc96f10
140,Amadou Diallo,eng ENG,FW,Newcastle,20,2003,0.0,,0,,,,,,,,,,,0,,,,Matches,e31708b2
141,Rúben Dias,pt POR,DFMF,Manchester City,26,1997,28.4,,21,,,,,,,,,,,30,,,,Matches,31c69ef1
142,Luis Díaz,co COL,FW,Liverpool,26,1997,29.2,,26,,,,,,,,,,,3,,,,Matches,4a1a9578
143,Eric Dier,eng ENG,DF,Tottenham,29,1994,2.2,,1,,,,,,,,,,,1,,,,Matches,ac861941
144,Lucas Digne,fr FRA,DF,Aston Villa,30,1993,26.8,,21,,,,,,,,,,,25,,,,Matches,1b84dbe1
145,Issa Diop,ma MAR,DF,Fulham,26,1997,15.8,,14,,,,,,,,,,,17,,,,Matches,a712ca2b
146,Axel Disasi,fr FRA,DF,Chelsea,25,1998,28.7,,19,,,,,,,,,,,17,,,,Matches,ad82197c
147,Lewis Dobbin,eng ENG,MF,Everton,20,2003,2.6,,7,,,,,,,,,,,1,,,,Matches,e814e1cf
148,Matt Doherty,ie IRL,MFDF,Wolves,31,1992,12.8,,18,,,,,,,,,,,7,,,,Matches,d557d734
149,Jeremy Doku,be BEL,MFFW,Manchester City,21,2002,17.7,,22,,,,,,,,,,,9,,,,Matches,fffea3e5
150,Nicolás Domínguez,ar ARG,MF,Nottingham,25,1998,16.6,,35,,,,,,,,,,,18,,,,Matches,20b3a502
151,Jamie Donley,nir NIR,MF,Tottenham,18,2005,0.0,,0,,,,,,,,,,,0,,,,Matches,5e4d9b48
152,Abdoulaye Doucouré,ml MLI,MF,Everton,30,1993,29.2,,28,,,,,,,,,,,16,,,,Matches,02b29014
153,Cheick Doucouré,ml MLI,MF,Crystal Palace,23,2000,10.2,,16,,,,,,,,,,,19,,,,Matches,ce4f40c7
154,Alfie Doughty,eng ENG,MFDF,Luton Town,23,1999,32.5,,37,,,,,,,,,,,30,,,,Matches,bf33b257
155,Tommy Doyle,eng ENG,MF,Wolves,21,2001,13.6,,13,,,,,,,,,,,13,,,,Matches,5526deb1
156,Radu Drăgușin,ro ROU,DF,Tottenham,21,2002,4.8,,3,,,,,,,,,,,8,,,,Matches,620922ed
157,Martin Dúbravka,sk SVK,GK,Newcastle,34,1989,22.1,,0,,,,,,,,,,,0,,,,Matches,3a949a25
158,Paul Dummett,wls WAL,DF,Newcastle,31,1991,0.2,,0,,,,,,,,,,,0,,,,Matches,3fe6bd8c
159,Lewis Dunk,eng ENG,DF,Brighton,31,1991,31.9,,16,,,,,,,,,,,31,,,,Matches,282f75f3
160,Jáder Durán,co COL,FW,Aston Villa,19,2003,5.3,,5,,,,,,,,,,,1,,,,Matches,414184f7
161,George Earthy,eng ENG,MF,West Ham,18,2004,0.4,,0,,,,,,,,,,,1,,,,Matches,123d2733
162,Odsonne Édouard,fr FRA,FWMF,Crystal Palace,25,1998,17.3,,12,,,,,,,,,,,5,,,,Matches,0562b7f1
163,John Egan,ie IRL,DF,Sheffield United,30,1992,5.4,,3,,,,,,,,,,,13,,,,Matches,debe38a0
164,Hjalmar Ekdal,se SWE,DF,Burnley,24,1998,4.9,,2,,,,,,,,,,,6,,,,Matches,3d554589
165,Anthony Elanga,se SWE,MFFW,Nottingham,21,2002,27.0,,19,,,,,,,,,,,8,,,,Matches,2fba6108
166,Harvey Elliott,eng ENG,MFFW,Liverpool,20,2003,15.0,,17,,,,,,,,,,,5,,,,Matches,b9e1436c
167,Mohamed Elneny,eg EGY,MF,Arsenal,31,1992,0.3,,0,,,,,,,,,,,1,,,,Matches,47a34c4f
168,Emerson,br BRA,DF,Tottenham,24,1999,12.9,,24,,,,,,,,,,,18,,,,Matches,df8b52a5
169,Julio Enciso,py PAR,MF,Brighton,19,2004,5.3,,2,,,,,,,,,,,0,,,,Matches,9cfbad36
170,Wataru Endo,jp JPN,MF,Liverpool,30,1993,19.1,,28,,,,,,,,,,,19,,,,Matches,c149016b
171,Christian Eriksen,dk DEN,MF,Manchester Utd,31,1992,12.7,,14,,,,,,,,,,,4,,,,Matches,980522ec
172,Maxime Estève,fr FRA,DF,Burnley,21,2002,14.5,,11,,,,,,,,,,,28,,,,Matches,1a066e69
173,Pervis Estupiñán,ec ECU,DFMF,Brighton,25,1998,13.8,,13,,,,,,,,,,,20,,,,Matches,d38fdf53
174,Jonny Evans,nir NIR,DF,Manchester Utd,35,1988,15.5,,15,,,,,,,,,,,23,,,,Matches,f8fcd2a5
175,Eberechi Eze,eng ENG,MFFW,Crystal Palace,25,1998,22.8,,17,,,,,,,,,,,11,,,,Matches,ae4fc6a4
176,Łukasz Fabiański,pl POL,GK,West Ham,38,1985,8.0,,0,,,,,,,,,,,1,,,,Matches,9328b835
177,Romain Faivre,fr FRA,MF,Bournemouth,25,1998,0.5,,1,,,,,,,,,,,0,,,,Matches,745ca0a3
178,Ansu Fati,es ESP,MFFW,Brighton,20,2002,5.8,,3,,,,,,,,,,,2,,,,Matches,0ba976e4
179,Felipe,br BRA,DF,Nottingham,34,1989,4.2,,9,,,,,,,,,,,4,,,,Matches,51a3c4c8
180,Evan Ferguson,ie IRL,FW,Brighton,18,2004,15.2,,7,,,,,,,,,,,2,,,,Matches,4596da74
181,Bruno Fernandes,pt POR,MF,Manchester Utd,28,1994,34.6,,37,,,,,,,,,,,25,,,,Matches,507c7bdf
182,Enzo Fernández,ar ARG,MF,Chelsea,22,2001,24.5,,24,,,,,,,,,,,17,,,,Matches,5ff4ab71
183,John Fleck,sct SCO,MF,Sheffield United,31,1991,1.0,,0,,,,,,,,,,,0,,,,Matches,b63e789d
184,Mark Flekken,nl NED,GK,Brentford,30,1993,36.5,,1,,,,,,,,,,,0,,,,Matches,a92ab7be
185,Phil Foden,eng ENG,MF,Manchester City,23,2000,31.7,,20,,,,,,,,,,,12,,,,Matches,ed1e53f3
186,Wes Foderingham,eng ENG,GK,Sheffield United,32,1991,29.4,,5,,,,,,,,,,,0,,,,Matches,96cf7b61
187,Pablo Fornals,es ESP,MF,West Ham,27,1996,4.7,,6,,,,,,,,,,,6,,,,Matches,82927de4
188,Omari Forson,eng ENG,MF,Manchester Utd,19,2004,0.8,,0,,,,,,,,,,,0,,,,Matches,1b9728b0
189,Lyle Foster,za RSA,FWMF,Burnley,22,2000,21.1,,10,,,,,,,,,,,1,,,,Matches,f84a807c
190,Matheus França,br BRA,MF,Crystal Palace,19,2004,2.6,,3,,,,,,,,,,,1,,,,Matches,077faf72
191,Nathan Fraser,ie IRL,FW,Wolves,18,2005,2.1,,2,,,,,,,,,,,1,,,,Matches,00b77ecf
192,Cody Gakpo,nl NED,FWMF,Liverpool,24,1999,18.3,,18,,,,,,,,,,,11,,,,Matches,1971591f
193,Conor Gallagher,eng ENG,MF,Chelsea,23,2000,34.8,,49,,,,,,,,,,,40,,,,Matches,c2731c10
194,Ben Gannon-Doak,sct SCO,MF,Liverpool,17,2005,0.2,,0,,,,,,,,,,,0,,,,Matches,733f1a7d
195,Alejandro Garnacho,ar ARG,MF,Manchester Utd,19,2004,28.5,,15,,,,,,,,,,,18,,,,Matches,7aa8adfe
196,James Garner,eng ENG,MF,Everton,22,2001,33.4,,42,,,,,,,,,,,46,,,,Matches,4e015693
197,Saman Ghoddos,ir IRN,DFMF,Brentford,29,1993,8.2,,21,,,,,,,,,,,5,,,,Matches,f7b1d4e0
198,Morgan Gibbs-White,eng ENG,MFFW,Nottingham,23,2000,35.1,,24,,,,,,,,,,,18,,,,Matches,32f60ed8
199,Bryan Gil,es ESP,MF,Tottenham,22,2001,2.3,,0,,,,,,,,,,,2,,,,Matches,7b5ab7f2
200,Alfie Gilchrist,eng ENG,DF,Chelsea,19,2003,2.3,,0,,,,,,,,,,,3,,,,Matches,d91f104d
201,Ryan Giles,eng ENG,MFDF,Luton Town,23,2000,5.6,,6,,,,,,,,,,,4,,,,Matches,73b1d65b
202,Billy Gilmour,sct SCO,MF,Brighton,22,2001,23.6,,18,,,,,,,,,,,10,,,,Matches,df10e27c
203,Ben Godfrey,eng ENG,DF,Everton,25,1998,12.4,,21,,,,,,,,,,,16,,,,Matches,9f7c837d
204,André Gomes,pt POR,MF,Everton,30,1993,5.6,,4,,,,,,,,,,,3,,,,Matches,1961b2aa
205,João Gomes,br BRA,MF,Wolves,22,2001,29.4,,75,,,,,,,,,,,18,,,,Matches,8b57ad2c
206,Toti Gomes,pt POR,DF,Wolves,24,1999,30.8,,23,,,,,,,,,,,23,,,,Matches,f0caab96
207,Joe Gomez,eng ENG,DF,Liverpool,26,1997,19.8,,30,,,,,,,,,,,19,,,,Matches,7a11550b
208,Sergio Gómez,es ESP,DFMF,Manchester City,22,2000,0.6,,0,,,,,,,,,,,1,,,,Matches,01e5f06e
209,Enso Gonzalez,py PAR,FW,Wolves,18,2005,0.0,,0,,,,,,,,,,,0,,,,Matches,7e5bebeb
210,Anthony Gordon,eng ENG,FW,Newcastle,22,2001,32.1,,33,,,,,,,,,,,6,,,,Matches,2bd83368
211,Kaide Gordon,eng ENG,FW,Liverpool,18,2004,0.0,,0,,,,,,,,,,,0,,,,Matches,19a9cb70
212,Daniel Gore,eng ENG,MF,Manchester Utd,18,2004,0.0,,1,,,,,,,,,,,1,,,,Matches,861e9b3b
213,Ryan Gravenberch,nl NED,MF,Liverpool,21,2002,12.5,,12,,,,,,,,,,,15,,,,Matches,b8e740fb
214,Ivo Grbić,hr CRO,GK,Sheffield United,27,1996,8.6,,0,,,,,,,,,,,0,,,,Matches,3f034750
215,Jack Grealish,eng ENG,MFFW,Manchester City,27,1995,11.2,,8,,,,,,,,,,,6,,,,Matches,b0b4fd3e
216,Pascal Groß,de GER,MFDF,Brighton,32,1991,34.6,,46,,,,,,,,,,,21,,,,Matches,8aec0537
217,Marc Guéhi,eng ENG,DF,Crystal Palace,23,2000,22.5,,16,,,,,,,,,,,15,,,,Matches,d0706b27
218,Idrissa Gueye,sn SEN,MF,Everton,33,1989,20.9,,41,,,,,,,,,,,28,,,,Matches,72c812f3
219,Bruno Guimarães,br BRA,MF,Newcastle,25,1997,36.3,,52,,,,,,,,,,,31,,,,Matches,82518f62
220,Malo Gusto,fr FRA,DFMF,Chelsea,20,2003,19.5,,29,,,,,,,,,,,17,,,,Matches,d56b9520
221,Joško Gvardiol,hr CRO,DF,Manchester City,21,2002,25.9,,33,,,,,,,,,,,27,,,,Matches,5ad50391
222,Erling Haaland,no NOR,FWMF,Manchester City,23,2000,28.4,,3,,,,,,,,,,,2,,,,Matches,1f44ac21
223,Antwoine Hackford,eng ENG,FW,Sheffield United,19,2004,0.1,,0,,,,,,,,,,,0,,,,Matches,a7588cdc
224,Lewis Hall,eng ENG,DF,Newcastle,18,2004,8.7,,17,,,,,,,,,,,13,,,,Matches,da011f18
225,Gustavo Hamer,nl NED,MF,Sheffield United,26,1997,32.3,,20,,,,,,,,,,,26,,,,Matches,eebacc07
226,Luke Harris,wls WAL,MF,Fulham,18,2005,0.8,,1,,,,,,,,,,,0,,,,Matches,8c3078cd
227,Jack Harrison,eng ENG,MF,Everton,26,1996,24.6,,22,,,,,,,,,,,11,,,,Matches,aa849a12
228,Daiki Hashioka,jp JPN,DFMF,Luton Town,24,1999,6.6,,6,,,,,,,,,,,8,,,,Matches,10cb48b7
229,Kai Havertz,de GER,MFFW,Arsenal,24,1999,29.3,,17,,,,,,,,,,,18,,,,Matches,fed7cb61
230,Jan Paul van Hecke,nl NED,DF,Brighton,23,2000,26.3,,25,,,,,,,,,,,30,,,,Matches,4fd08daa
231,Hwang Hee-chan,kr KOR,FWMF,Wolves,27,1996,23.5,,10,,,,,,,,,,,9,,,,Matches,169fd162
232,Dean Henderson,eng ENG,GK,Crystal Palace,26,1997,18.0,,1,,,,,,,,,,,0,,,,Matches,e5a76dfe
233,Rico Henry,jm JAM,DF,Brentford,26,1997,4.5,,5,,,,,,,,,,,5,,,,Matches,8a3c1dc7
234,Son Heung-min,kr KOR,FWMF,Tottenham,31,1992,32.6,,13,,,,,,,,,,,8,,,,Matches,92e7e919
235,Aaron Hickey,sct SCO,DFMF,Brentford,21,2002,7.9,,10,,,,,,,,,,,3,,,,Matches,1780bb4a
236,James Hill,eng ENG,DF,Bournemouth,21,2002,0.8,,2,,,,,,,,,,,3,,,,Matches,69942fb3
237,Jack Hinshelwood,eng ENG,DFMF,Brighton,18,2005,9.7,,5,,,,,,,,,,,14,,,,Matches,e98211e7
238,Mason Holgate,jm JAM,DF,Sheffield United,26,1996,7.9,,7,,,,,,,,,,,10,,,,Matches,d0042ab9
239,Callum Hudson-Odoi,eng ENG,MFFW,Nottingham,22,2000,20.6,,8,,,,,,,,,,,6,,,,Matches,15f3ec41
240,Will Hughes,eng ENG,MF,Crystal Palace,28,1995,21.0,,33,,,,,,,,,,,18,,,,Matches,a0666d3e
241,Pierre Højbjerg,dk DEN,MF,Tottenham,27,1995,14.6,,16,,,,,,,,,,,16,,,,Matches,8b04d6c1
242,Rasmus Højlund,dk DEN,FW,Manchester Utd,20,2003,24.0,,6,,,,,,,,,,,1,,,,Matches,491a433d
243,Igor,br BRA,DF,Brighton,25,1998,18.2,,18,,,,,,,,,,,14,,,,Matches,a4e85758
244,Danny Ings,eng ENG,FWMF,West Ham,31,1992,4.5,,3,,,,,,,,,,,4,,,,Matches,07802f7f
245,Tim Iroegbunam,eng ENG,MF,Aston Villa,20,2003,1.8,,4,,,,,,,,,,,3,,,,Matches,84c5ceea
246,Alexander Isak,se SWE,FW,Newcastle,23,1999,25.1,,0,,,,,,,,,,,6,,,,Matches,8e92be30
247,Alex Iwobi,ng NGA,MF,Everton,27,1996,1.6,,0,,,,,,,,,,,1,,,,Matches,6ca5ec4b
248,Alex Iwobi,ng NGA,MF,Fulham,27,1996,24.4,,16,,,,,,,,,,,15,,,,Matches,6ca5ec4b
249,Nicolas Jackson,sn SEN,FW,Chelsea,22,2001,31.1,,14,,,,,,,,,,,4,,,,Matches,9c36ed83
250,Reece James,eng ENG,DFMF,Chelsea,23,1999,4.7,,9,,,,,,,,,,,3,,,,Matches,1265a93a
251,Vitaly Janelt,de GER,MFDF,Brentford,25,1998,33.9,,36,,,,,,,,,,,37,,,,Matches,8449d35e
252,Daniel Jebbison,ca CAN,FW,Sheffield United,19,2003,0.2,,0,,,,,,,,,,,0,,,,Matches,03edb878
253,Mathias Jensen,dk DEN,MF,Brentford,27,1996,24.5,,33,,,,,,,,,,,21,,,,Matches,0f134faf
254,Gabriel Jesus,br BRA,FW,Arsenal,26,1997,16.4,,17,,,,,,,,,,,13,,,,Matches,b66315ae
255,Raúl Jiménez,mx MEX,FW,Fulham,32,1991,15.5,,12,,,,,,,,,,,4,,,,Matches,b561db50
256,João Pedro,br BRA,MFFW,Brighton,21,2001,22.7,,15,,,,,,,,,,,10,,,,Matches,e8832875
257,Joelinton,br BRA,MFFW,Newcastle,26,1996,14.2,,26,,,,,,,,,,,19,,,,Matches,c17bfb65
258,Ben Johnson,eng ENG,MFDF,West Ham,23,2000,6.0,,6,,,,,,,,,,,5,,,,Matches,9319781b
259,Brennan Johnson,wls WAL,MFFW,Tottenham,22,2001,23.2,,15,,,,,,,,,,,9,,,,Matches,0cd31129
260,Brennan Johnson,wls WAL,FWMF,Nottingham,22,2001,2.6,,0,,,,,,,,,,,0,,,,Matches,0cd31129
261,Joseph Johnson,eng ENG,DF,Luton Town,17,2006,0.9,,0,,,,,,,,,,,0,,,,Matches,d9e7c4da
262,Sam Johnstone,eng ENG,GK,Crystal Palace,30,1993,20.0,,0,,,,,,,,,,,1,,,,Matches,9e5708be
263,Curtis Jones,eng ENG,MF,Liverpool,22,2001,13.0,,14,,,,,,,,,,,7,,,,Matches,4fb9c88f
264,Jorginho,it ITA,MF,Arsenal,31,1991,10.2,,10,,,,,,,,,,,11,,,,Matches,45db685d
265,Diogo Jota,pt POR,FW,Liverpool,26,1996,12.7,,13,,,,,,,,,,,7,,,,Matches,178ae8f8
266,Mads Juel Andersen,dk DEN,DF,Luton Town,25,1997,4.4,,5,,,,,,,,,,,8,,,,Matches,f098c03e
267,Hamed Junior Traorè,ci CIV,MF,Bournemouth,23,2000,0.5,,0,,,,,,,,,,,0,,,,Matches,570bb4b9
268,Mathias Jørgensen,dk DEN,DF,Brentford,33,1990,12.1,,12,,,,,,,,,,,11,,,,Matches,0db5d2c8
269,Issa Kaboré,bf BFA,MFDF,Luton Town,22,2001,19.2,,28,,,,,,,,,,,15,,,,Matches,c066d1a5
270,Saša Kalajdžić,at AUT,FW,Wolves,26,1997,1.8,,2,,,,,,,,,,,1,,,,Matches,15f24fe7
271,Boubacar Kamara,fr FRA,MF,Aston Villa,23,1999,18.4,,30,,,,,,,,,,,20,,,,Matches,cc77354e
272,Willy Kambwala,fr FRA,DF,Manchester Utd,18,2004,3.7,,1,,,,,,,,,,,4,,,,Matches,6a7353d7
273,Thomas Kaminski,be BEL,GK,Luton Town,30,1992,37.8,,1,,,,,,,,,,,0,,,,Matches,1caa93a5
274,Loris Karius,de GER,GK,Newcastle,30,1993,1.0,,0,,,,,,,,,,,0,,,,Matches,32e7ce92
275,Michael Keane,eng ENG,DF,Everton,30,1993,4.9,,3,,,,,,,,,,,5,,,,Matches,c5b7c315
276,Thilo Kehrer,de GER,DF,West Ham,26,1996,0.2,,1,,,,,,,,,,,0,,,,Matches,51dbeea9
277,Caoimhín Kelleher,ie IRL,GK,Liverpool,24,1998,10.0,,0,,,,,,,,,,,0,,,,Matches,62d7ef38
278,Lloyd Kelly,eng ENG,DF,Bournemouth,24,1998,17.3,,20,,,,,,,,,,,13,,,,Matches,f31def1e
279,Omari Kellyman,eng ENG,FWMF,Aston Villa,17,2005,0.4,,0,,,,,,,,,,,0,,,,Matches,aa888da7
280,Milos Kerkez,hu HUN,DF,Bournemouth,19,2003,21.9,,25,,,,,,,,,,,16,,,,Matches,0ad53bdc
281,Kaine Kesler-Hayden,eng ENG,DFMF,Aston Villa,20,2002,0.1,,0,,,,,,,,,,,0,,,,Matches,9b066938
282,Max Kilman,eng ENG,DF,Wolves,26,1997,38.0,,19,,,,,,,,,,,38,,,,Matches,d0f72bf1
283,Jakub Kiwior,pl POL,DF,Arsenal,23,2000,10.5,,13,,,,,,,,,,,7,,,,Matches,dc3e663e
284,Justin Kluivert,nl NED,MF,Bournemouth,24,1999,21.3,,17,,,,,,,,,,,7,,,,Matches,4c3a6744
285,Luca Koleosho,it ITA,MFFW,Burnley,18,2004,10.8,,5,,,,,,,,,,,2,,,,Matches,fc076f78
286,Ibrahima Konaté,fr FRA,DF,Liverpool,24,1999,17.5,,23,,,,,,,,,,,19,,,,Matches,5ed9b537
287,Ezri Konsa,eng ENG,DF,Aston Villa,25,1997,34.1,,33,,,,,,,,,,,26,,,,Matches,0313a347
288,Cheikhou Kouyaté,sn SEN,MF,Nottingham,33,1989,2.4,,5,,,,,,,,,,,2,,,,Matches,8d3c902d
289,Mateo Kovačić,hr CRO,MF,Manchester City,29,1994,17.2,,26,,,,,,,,,,,10,,,,Matches,79c0821a
290,Emil Krafth,se SWE,DF,Newcastle,28,1994,10.1,,11,,,,,,,,,,,8,,,,Matches,77cf6852
291,Mohammed Kudus,gh GHA,MF,West Ham,22,2000,27.6,,46,,,,,,,,,,,11,,,,Matches,b62878a5
292,Dejan Kulusevski,se SWE,MFFW,Tottenham,23,2000,30.7,,33,,,,,,,,,,,17,,,,Matches,df3cda47
293,Adam Lallana,eng ENG,MF,Brighton,35,1988,9.4,,3,,,,,,,,,,,3,,,,Matches,99813635
294,Tariq Lamptey,gh GHA,DFMF,Brighton,22,2000,10.2,,14,,,,,,,,,,,5,,,,Matches,f4e433d4
295,Aymeric Laporte,es ESP,DF,Manchester City,29,1994,0.1,,0,,,,,,,,,,,0,,,,Matches,119b9a8e
296,Yasser Larouci,dz ALG,MF,Sheffield United,22,2001,5.9,,9,,,,,,,,,,,7,,,,Matches,0ed063d6
297,Jamaal Lascelles,eng ENG,DF,Newcastle,29,1993,12.0,,9,,,,,,,,,,,5,,,,Matches,450ab6fc
298,Roméo Lavia,be BEL,MF,Chelsea,19,2004,0.4,,0,,,,,,,,,,,0,,,,Matches,ecad9aa5
299,Mario Lemina,ga GAB,MF,Wolves,29,1993,33.0,,58,,,,,,,,,,,41,,,,Matches,2b471f99
300,Clément Lenglet,fr FRA,DF,Aston Villa,28,1995,12.8,,9,,,,,,,,,,,8,,,,Matches,4f28a6ff
301,Bernd Leno,de GER,GK,Fulham,31,1992,38.0,,0,,,,,,,,,,,0,,,,Matches,2628fd2b
302,Jefferson Lerma,co COL,MFDF,Crystal Palace,28,1994,26.7,,25,,,,,,,,,,,36,,,,Matches,9b5ce51a
303,Rico Lewis,eng ENG,DFMF,Manchester City,18,2004,9.0,,7,,,,,,,,,,,4,,,,Matches,b57e066e
304,Keane Lewis-Potter,eng ENG,FWMF,Brentford,22,2001,16.0,,7,,,,,,,,,,,7,,,,Matches,41f08ac8
305,Victor Lindelöf,se SWE,DF,Manchester Utd,29,1994,14.8,,11,,,,,,,,,,,13,,,,Matches,f5deef4c
306,Tino Livramento,eng ENG,DF,Newcastle,20,2002,14.6,,14,,,,,,,,,,,24,,,,Matches,afed6722
307,Giovani Lo Celso,ar ARG,MF,Tottenham,27,1996,5.6,,13,,,,,,,,,,,5,,,,Matches,d7553721
308,Tom Lockyer,wls WAL,DF,Luton Town,28,1994,13.0,,16,,,,,,,,,,,23,,,,Matches,37118440
309,Sean Longstaff,eng ENG,MF,Newcastle,25,1997,30.5,,31,,,,,,,,,,,16,,,,Matches,a2b105e0
310,Max Lowe,eng ENG,MFDF,Sheffield United,26,1997,5.6,,9,,,,,,,,,,,4,,,,Matches,7af88b33
311,Douglas Luiz,br BRA,MF,Aston Villa,25,1998,33.3,,37,,,,,,,,,,,22,,,,Matches,6f7d826d
312,Saša Lukić,rs SRB,MF,Fulham,26,1996,12.5,,21,,,,,,,,,,,14,,,,Matches,c6e8cf1f
313,Ian Maatsen,nl NED,MF,Chelsea,21,2002,2.3,,2,,,,,,,,,,,3,,,,Matches,cab9634e
314,Alexis Mac Allister,ar ARG,MF,Liverpool,24,1998,28.9,,52,,,,,,,,,,,32,,,,Matches,83d074ff
315,James Maddison,eng ENG,MF,Tottenham,26,1996,23.7,,19,,,,,,,,,,,14,,,,Matches,ee38d9c5
316,Noni Madueke,eng ENG,MF,Chelsea,21,2002,11.7,,11,,,,,,,,,,,4,,,,Matches,bf34eebd
317,Gabriel Magalhães,br BRA,DF,Arsenal,25,1997,33.8,,29,,,,,,,,,,,29,,,,Matches,67ac5bb8
318,Harry Maguire,eng ENG,DF,Manchester Utd,30,1993,18.4,,17,,,,,,,,,,,24,,,,Matches,d8931174
319,Kobbie Mainoo,eng ENG,MF,Manchester Utd,18,2005,21.4,,26,,,,,,,,,,,22,,,,Matches,c6220452
320,Orel Mangala,be BEL,MF,Nottingham,25,1998,17.4,,12,,,,,,,,,,,27,,,,Matches,a572e291
321,Benson Manuel,ao ANG,MF,Burnley,26,1997,1.3,,2,,,,,,,,,,,0,,,,Matches,d7f99582
322,Solly March,eng ENG,MFDF,Brighton,29,1994,6.2,,13,,,,,,,,,,,11,,,,Matches,bb5fbd2b
323,Anthony Martial,fr FRA,FW,Manchester Utd,27,1995,5.0,,1,,,,,,,,,,,0,,,,Matches,8b788c01
324,Gabriel Martinelli,br BRA,FW,Arsenal,22,2001,22.4,,23,,,,,,,,,,,4,,,,Matches,48a5a5d6
325,Emiliano Martínez,ar ARG,GK,Aston Villa,30,1992,33.5,,0,,,,,,,,,,,0,,,,Matches,7956236f
326,Lisandro Martínez,ar ARG,DF,Manchester Utd,25,1998,7.2,,9,,,,,,,,,,,5,,,,Matches,bac46a10
327,Han-Noah Massengo,fr FRA,MF,Burnley,22,2001,0.2,,1,,,,,,,,,,,0,,,,Matches,eba1e557
328,Pape Matar Sarr,sn SEN,MF,Tottenham,20,2002,23.0,,24,,,,,,,,,,,30,,,,Matches,feb5d972
329,Jean-Philippe Mateta,fr FRA,FW,Crystal Palace,26,1997,25.4,,16,,,,,,,,,,,4,,,,Matches,50e6dc35
330,Joël Matip,cm CMR,DF,Liverpool,31,1991,8.7,,7,,,,,,,,,,,9,,,,Matches,b217ef29
331,Alex Matos,eng ENG,MF,Chelsea,18,2004,0.0,,0,,,,,,,,,,,0,,,,Matches,ed383e43
332,Remi Matthews,eng ENG,GK,Crystal Palace,29,1994,0.0,,0,,,,,,,,,,,0,,,,Matches,27f4f772
333,Neal Maupay,fr FRA,FW,Everton,26,1996,1.2,,0,,,,,,,,,,,0,,,,Matches,4bcf39f6
334,Neal Maupay,fr FRA,FW,Brentford,26,1996,14.7,,7,,,,,,,,,,,2,,,,Matches,4bcf39f6
335,Konstantinos Mavropanos,gr GRE,DF,West Ham,25,1997,16.7,,15,,,,,,,,,,,24,,,,Matches,00963611
336,Bryan Mbeumo,cm CMR,FW,Brentford,23,1999,21.8,,9,,,,,,,,,,,7,,,,Matches,6afaebf2
337,James Mcatee,eng ENG,MF,Manchester City,20,2002,0.0,,0,,,,,,,,,,,0,,,,Matches,96593e89
338,James Mcatee,eng ENG,MFFW,Sheffield United,20,2002,20.2,,20,,,,,,,,,,,11,,,,Matches,96593e89
339,Oliver McBurnie,sct SCO,FW,Sheffield United,27,1996,14.2,,6,,,,,,,,,,,5,,,,Matches,78b8ac63
340,James McConnell,eng ENG,MF,Liverpool,18,2004,0.0,,0,,,,,,,,,,,1,,,,Matches,bf973eeb
341,John McGinn,sct SCO,MF,Aston Villa,28,1994,33.3,,34,,,,,,,,,,,20,,,,Matches,90f91999
342,Scott McKenna,sct SCO,DF,Nottingham,26,1996,4.6,,0,,,,,,,,,,,4,,,,Matches,4e5a4cbc
343,Dwight McNeil,eng ENG,MF,Everton,23,1999,32.1,,27,,,,,,,,,,,20,,,,Matches,fc15fb84
344,Scott McTominay,sct SCO,MFFW,Manchester Utd,26,1996,21.1,,23,,,,,,,,,,,14,,,,Matches,d93c2511
345,Ben Mee,eng ENG,DF,Brentford,33,1989,14.1,,14,,,,,,,,,,,13,,,,Matches,8df7a2fb
346,Hannibal Mejbri,tn TUN,MF,Manchester Utd,20,2003,1.5,,3,,,,,,,,,,,0,,,,Matches,ca22ccb0
347,Teden Mengi,eng ENG,DF,Luton Town,21,2002,27.4,,22,,,,,,,,,,,54,,,,Matches,91748070
348,Chris Mepham,wls WAL,DF,Bournemouth,25,1997,6.9,,11,,,,,,,,,,,5,,,,Matches,fed96827
349,Lewis Miley,eng ENG,MF,Newcastle,17,2006,13.4,,21,,,,,,,,,,,8,,,,Matches,2c6835e5
350,James Milner,eng ENG,DFMF,Brighton,37,1986,8.6,,14,,,,,,,,,,,8,,,,Matches,2f90f6b8
351,Tyrone Mings,eng ENG,DF,Aston Villa,30,1993,0.3,,0,,,,,,,,,,,1,,,,Matches,8397a50c
352,Tyrick Mitchell,eng ENG,DFMF,Crystal Palace,23,1999,35.6,,59,,,,,,,,,,,24,,,,Matches,5cbd1eb0
353,Kaoru Mitoma,jp JPN,MFFW,Brighton,26,1997,16.5,,5,,,,,,,,,,,5,,,,Matches,74618572
354,Aleksandar Mitrović,rs SRB,FW,Fulham,28,1994,0.4,,0,,,,,,,,,,,0,,,,Matches,3925dbd6
355,Jakub Moder,pl POL,MFDF,Brighton,24,1999,6.9,,10,,,,,,,,,,,1,,,,Matches,f230bc30
356,Gonzalo Montiel,ar ARG,DF,Nottingham,26,1997,8.9,,19,,,,,,,,,,,7,,,,Matches,374d5158
357,Kieffer Moore,wls WAL,DFFW,Bournemouth,30,1992,1.2,,0,,,,,,,,,,,0,,,,Matches,01ce9e70
358,Mikey Moore,eng ENG,MF,Tottenham,15,2007,0.0,,0,,,,,,,,,,,0,,,,Matches,00953a9d
359,Ederson Moraes,br BRA,GK,Manchester City,29,1993,30.9,,0,,,,,,,,,,,0,,,,Matches,3bb7b8b4
360,Álex Moreno,es ESP,DF,Aston Villa,30,1993,11.5,,12,,,,,,,,,,,11,,,,Matches,16e9d0ea
361,Carlton Morris,eng ENG,FWMF,Luton Town,27,1995,31.8,,9,,,,,,,,,,,1,,,,Matches,2da834f1
362,Mason Mount,eng ENG,MF,Manchester Utd,24,1999,5.7,,14,,,,,,,,,,,6,,,,Matches,9674002f
363,Divin Mubama,eng ENG,FW,West Ham,18,2004,0.9,,0,,,,,,,,,,,0,,,,Matches,92868cb5
364,Mykhailo Mudryk,ua UKR,MF,Chelsea,22,2001,17.5,,13,,,,,,,,,,,9,,,,Matches,049a888d
365,Rodrigo Muniz,br BRA,FW,Fulham,22,2001,17.7,,4,,,,,,,,,,,6,,,,Matches,a755db8c
366,Daniel Muñoz,co COL,MFDF,Crystal Palace,27,1996,16.0,,36,,,,,,,,,,,23,,,,Matches,778ef829
367,Finley Munroe,eng ENG,DF,Aston Villa,18,2005,0.0,,0,,,,,,,,,,,0,,,,Matches,36625c27
368,Arijanet Muric,xk KVX,GK,Burnley,24,1998,10.0,,1,,,,,,,,,,,0,,,,Matches,99aa1a84
369,Murillo,br BRA,DF,Nottingham,21,2002,31.0,,33,,,,,,,,,,,40,,,,Matches,1704b0b8
370,Alex Murphy,ie IRL,DF,Newcastle,19,2004,0.1,,1,,,,,,,,,,,1,,,,Matches,f1c42eb3
371,Jacob Murphy,eng ENG,FWMF,Newcastle,28,1995,13.2,,12,,,,,,,,,,,5,,,,Matches,de112b84
372,Vitaliy Mykolenko,ua UKR,DF,Everton,24,1999,27.4,,37,,,,,,,,,,,34,,,,Matches,30d4a2e5
373,Marvelous Nakamba,zw ZIM,MF,Luton Town,29,1994,12.6,,26,,,,,,,,,,,10,,,,Matches,de5b5570
374,Michael Ndiweni,eng ENG,MF,Newcastle,19,2003,0.0,,0,,,,,,,,,,,0,,,,Matches,8aff2b51
375,Reiss Nelson,eng ENG,FW,Arsenal,23,1999,3.0,,5,,,,,,,,,,,1,,,,Matches,c5bdb6e3
376,Zack Nelson,eng ENG,MF,Luton Town,18,2005,0.1,,0,,,,,,,,,,,0,,,,Matches,de0abf23
377,Neto,br BRA,GK,Bournemouth,34,1989,32.0,,0,,,,,,,,,,,1,,,,Matches,a9dc785c
378,Pedro Neto,pt POR,MFFW,Wolves,23,2000,16.8,,4,,,,,,,,,,,5,,,,Matches,7ba2eaa9
379,Moussa Niakhaté,sn SEN,DF,Nottingham,27,1996,16.2,,25,,,,,,,,,,,14,,,,Matches,00242715
380,Eddie Nketiah,eng ENG,FW,Arsenal,24,1999,12.0,,7,,,,,,,,,,,4,,,,Matches,a53649b7
381,Christopher Nkunku,fr FRA,MFFW,Chelsea,25,1997,4.9,,4,,,,,,,,,,,2,,,,Matches,7c56da38
382,Rhys Norrington-Davies,wls WAL,DF,Sheffield United,24,1999,1.2,,1,,,,,,,,,,,1,,,,Matches,ca76b087
383,Oliver Norwood,nir NIR,MF,Sheffield United,32,1991,16.0,,26,,,,,,,,,,,19,,,,Matches,43439614
384,Matheus Nunes,pt POR,MF,Wolves,24,1998,2.0,,1,,,,,,,,,,,5,,,,Matches,e6af02e0
385,Matheus Nunes,pt POR,MFFW,Manchester City,24,1998,7.3,,6,,,,,,,,,,,1,,,,Matches,e6af02e0
386,Darwin Núñez,uy URU,FW,Liverpool,24,1999,22.7,,13,,,,,,,,,,,2,,,,Matches,4d77b365
387,Ethan Nwaneri,eng ENG,MF,Arsenal,16,2007,0.2,,0,,,,,,,,,,,0,,,,Matches,7f94982c
388,Christian Nørgaard,dk DEN,MF,Brentford,29,1994,27.8,,50,,,,,,,,,,,53,,,,Matches,df0a4c90
389,Mark O'Mahony,ie IRL,FW,Brighton,18,2005,0.7,,0,,,,,,,,,,,0,,,,Matches,a3afdd69
390,Dara O'Shea,ie IRL,DF,Burnley,24,1999,32.1,,18,,,,,,,,,,,33,,,,Matches,1d042188
391,Michael Obafemi,ie IRL,FW,Burnley,23,2000,0.2,,0,,,,,,,,,,,0,,,,Matches,caa1a7f0
392,Wilson Odobert,fr FRA,MFFW,Burnley,18,2004,23.3,,13,,,,,,,,,,,6,,,,Matches,35516eac
393,Odeluga Offiah,eng ENG,DF,Brighton,20,2002,1.4,,0,,,,,,,,,,,1,,,,Matches,65c3efa2
394,Chiedozie Ogbene,ie IRL,MF,Luton Town,26,1997,22.2,,9,,,,,,,,,,,7,,,,Matches,788c0277
395,Angelo Ogbonna,it ITA,DF,West Ham,35,1988,7.1,,5,,,,,,,,,,,3,,,,Matches,74b2cd7e
396,Michael Olakigbe,eng ENG,MF,Brentford,19,2004,0.7,,0,,,,,,,,,,,1,,,,Matches,cdd70dc0
397,Michael Olise,fr FRA,MFFW,Crystal Palace,21,2001,14.2,,10,,,,,,,,,,,9,,,,Matches,c4486bac
398,Robin Olsen,se SWE,GK,Aston Villa,33,1990,4.5,,0,,,,,,,,,,,0,,,,Matches,e7ee38c3
399,Andrew Omobamidele,ie IRL,DF,Nottingham,21,2002,8.7,,3,,,,,,,,,,,12,,,,Matches,c393a6c4
400,Amadou Onana,be BEL,MF,Everton,21,2001,23.2,,39,,,,,,,,,,,19,,,,Matches,828657ff
401,André Onana,cm CMR,GK,Manchester Utd,27,1996,38.0,,0,,,,,,,,,,,0,,,,Matches,e9c0c1b2
402,Ryan One,sct SCO,MF,Sheffield United,17,2006,0.1,,0,,,,,,,,,,,0,,,,Matches,d4aa4582
403,Tyler Onyango,eng ENG,MF,Everton,20,2003,0.0,,0,,,,,,,,,,,0,,,,Matches,d86a1f3e
404,Fred Onyedinma,eng ENG,MF,Luton Town,26,1996,4.5,,5,,,,,,,,,,,1,,,,Matches,387d06b2
405,Frank Onyeka,ng NGA,MF,Brentford,25,1998,12.9,,20,,,,,,,,,,,23,,,,Matches,2944f86f
406,Divock Origi,be BEL,MFFW,Nottingham,28,1995,6.7,,4,,,,,,,,,,,2,,,,Matches,43a166b4
407,Stefan Ortega,de GER,GK,Manchester City,30,1992,7.1,,0,,,,,,,,,,,0,,,,Matches,c1242d4e
408,Ben Osborn,eng ENG,MF,Sheffield United,28,1994,15.2,,8,,,,,,,,,,,8,,,,Matches,79bc4c45
409,Gabriel Osho,ng NGA,DF,Luton Town,24,1998,20.5,,23,,,,,,,,,,,28,,,,Matches,cd889153
410,William Osula,dk DEN,FW,Sheffield United,19,2003,8.7,,2,,,,,,,,,,,2,,,,Matches,7b355808
411,Dango Ouattara,bf BFA,DFMF,Bournemouth,21,2002,13.7,,26,,,,,,,,,,,21,,,,Matches,2f9e4435
412,David Ozoh,eng ENG,MF,Crystal Palace,18,2005,1.7,,6,,,,,,,,,,,0,,,,Matches,d00d45ab
413,João Palhinha,pt POR,MF,Fulham,28,1995,30.0,,77,,,,,,,,,,,48,,,,Matches,a78ff07f
414,Cole Palmer,eng ENG,FWMF,Manchester City,21,2002,0.1,,0,,,,,,,,,,,0,,,,Matches,dc7f8a28
415,Cole Palmer,eng ENG,MFFW,Chelsea,21,2002,29.0,,12,,,,,,,,,,,19,,,,Matches,dc7f8a28
416,Emerson Palmieri,it ITA,DF,West Ham,28,1994,34.9,,67,,,,,,,,,,,40,,,,Matches,e0bc6fdc
417,Lucas Paquetá,br BRA,MF,West Ham,25,1997,29.1,,46,,,,,,,,,,,22,,,,Matches,9b6f7fd5
418,Ben Parkinson,eng ENG,FW,Newcastle,18,2005,0.3,,0,,,,,,,,,,,0,,,,Matches,32163807
419,Thomas Partey,gh GHA,MFDF,Arsenal,30,1993,8.8,,11,,,,,,,,,,,10,,,,Matches,529f49ab
420,Nathan Patterson,sct SCO,DF,Everton,21,2001,11.2,,25,,,,,,,,,,,11,,,,Matches,230f0471
421,Myles Peart-Harris,eng ENG,MF,Brentford,20,2002,0.1,,0,,,,,,,,,,,0,,,,Matches,ea1a5662
422,Sydie Peck,eng ENG,MF,Sheffield United,18,2004,0.1,,0,,,,,,,,,,,0,,,,Matches,767d9605
423,Facundo Pellistri,uy URU,MF,Manchester Utd,21,2001,1.9,,2,,,,,,,,,,,1,,,,Matches,ac7e7b1c
424,Andreas Pereira,br BRA,MF,Fulham,27,1996,29.0,,13,,,,,,,,,,,4,,,,Matches,6639e500
425,Ivan Perišić,hr CRO,FWMF,Tottenham,34,1989,1.1,,2,,,,,,,,,,,2,,,,Matches,6fe90922
426,Đorđe Petrović,rs SRB,GK,Chelsea,23,1999,22.1,,0,,,,,,,,,,,0,,,,Matches,0cf321c8
427,Kalvin Phillips,eng ENG,MF,West Ham,27,1995,3.4,,5,,,,,,,,,,,3,,,,Matches,4f565d77
428,Kalvin Phillips,eng ENG,DFMF,Manchester City,27,1995,1.0,,3,,,,,,,,,,,2,,,,Matches,4f565d77
429,Jaden Philogene Bidace,eng ENG,FWMF,Aston Villa,21,2002,0.0,,0,,,,,,,,,,,0,,,,Matches,19f4d211
430,Jordan Pickford,eng ENG,GK,Everton,29,1994,38.0,,0,,,,,,,,,,,0,,,,Matches,4806ec67
431,Ethan Pinnock,jm JAM,DF,Brentford,30,1993,28.0,,23,,,,,,,,,,,43,,,,Matches,e541326e
432,Nick Pope,eng ENG,GK,Newcastle,31,1992,14.9,,0,,,,,,,,,,,0,,,,Matches,4b40d9ca
433,Pedro Porro,es ESP,DF,Tottenham,23,1999,34.3,,65,,,,,,,,,,,33,,,,Matches,27d0a506
434,Jarell Quansah,eng ENG,DF,Liverpool,20,2003,13.2,,22,,,,,,,,,,,16,,,,Matches,4125cb98
435,Ionuț Radu,ro ROU,GK,Bournemouth,26,1997,2.0,,0,,,,,,,,,,,0,,,,Matches,67f649be
436,Jesurun Rak Sakyi,gh GHA,FWMF,Crystal Palace,20,2002,1.5,,1,,,,,,,,,,,3,,,,Matches,45685411
437,Aaron Ramsdale,eng ENG,GK,Arsenal,25,1998,6.0,,0,,,,,,,,,,,0,,,,Matches,466fb2c5
438,Aaron Ramsey,eng ENG,MF,Burnley,20,2003,5.9,,14,,,,,,,,,,,1,,,,Matches,e1618c22
439,Jacob Ramsey,eng ENG,MF,Aston Villa,22,2001,9.5,,8,,,,,,,,,,,3,,,,Matches,1544f145
440,Marcus Rashford,eng ENG,MFFW,Manchester Utd,25,1997,25.2,,13,,,,,,,,,,,4,,,,Matches,a1d5bd30
441,David Raya,es ESP,GK,Arsenal,27,1995,32.0,,1,,,,,,,,,,,0,,,,Matches,98ea5115
442,Tim Ream,us USA,DF,Fulham,35,1987,16.7,,9,,,,,,,,,,,26,,,,Matches,28b40c9c
443,Nathan Redmond,eng ENG,FWMF,Burnley,29,1994,1.6,,1,,,,,,,,,,,0,,,,Matches,ab651565
444,Harrison Reed,eng ENG,MF,Fulham,28,1995,14.7,,17,,,,,,,,,,,9,,,,Matches,803ae100
445,Sergio Reguilón,es ESP,MFDF,Brentford,26,1996,12.4,,22,,,,,,,,,,,15,,,,Matches,3353737a
446,Sergio Reguilón,es ESP,DF,Manchester Utd,26,1996,4.6,,9,,,,,,,,,,,5,,,,Matches,3353737a
447,Gio Reyna,us USA,MF,Nottingham,20,2002,2.6,,3,,,,,,,,,,,2,,,,Matches,7fa4e703
448,Rodrigo Ribeiro,pt POR,FW,Nottingham,18,2005,0.2,,0,,,,,,,,,,,1,,,,Matches,484a3eae
449,Declan Rice,eng ENG,MF,Arsenal,24,1999,35.8,,50,,,,,,,,,,,44,,,,Matches,1c7012b8
450,Chris Richards,us USA,DFMF,Crystal Palace,23,2000,23.3,,27,,,,,,,,,,,24,,,,Matches,0a3d6d2b
451,Richarlison,br BRA,FWMF,Tottenham,26,1997,16.6,,11,,,,,,,,,,,8,,,,Matches,fa031b34
452,Jaïro Riedewald,nl NED,MF,Crystal Palace,26,1996,2.6,,3,,,,,,,,,,,2,,,,Matches,7a1f2c08
453,Matt Ritchie,sct SCO,DFMF,Newcastle,33,1989,1.4,,3,,,,,,,,,,,1,,,,Matches,71ef519e
454,Connor Roberts,wls WAL,DF,Burnley,27,1995,9.1,,5,,,,,,,,,,,4,,,,Matches,24fae784
455,Andy Robertson,sct SCO,DF,Liverpool,29,1994,18.8,,25,,,,,,,,,,,13,,,,Matches,2e4f5f03
456,Antonee Robinson,us USA,DF,Fulham,25,1997,36.3,,56,,,,,,,,,,,81,,,,Matches,289601e6
457,Jack Robinson,eng ENG,DF,Sheffield United,29,1993,32.1,,30,,,,,,,,,,,29,,,,Matches,7399c7a8
458,Rodri,es ESP,MFDF,Manchester City,27,1996,32.6,,43,,,,,,,,,,,25,,,,Matches,6434f10d
459,Jay Rodriguez,eng ENG,FW,Burnley,34,1989,9.1,,9,,,,,,,,,,,1,,,,Matches,4ab53cdb
460,Mads Roerslev,dk DEN,MFDF,Brentford,24,1999,22.1,,31,,,,,,,,,,,20,,,,Matches,57c94db2
461,Morgan Rogers,eng ENG,MF,Aston Villa,21,2002,7.1,,1,,,,,,,,,,,3,,,,Matches,2e5915f1
462,Cristian Romero,ar ARG,DF,Tottenham,25,1998,31.0,,41,,,,,,,,,,,43,,,,Matches,a3d94a58
463,Joe Rothwell,eng ENG,MF,Bournemouth,28,1995,4.3,,2,,,,,,,,,,,2,,,,Matches,10a10454
464,Pelly Ruddock Mpanzu,cd COD,MF,Luton Town,30,1993,12.2,,5,,,,,,,,,,,9,,,,Matches,a9b1c319
465,José Sá,pt POR,GK,Wolves,30,1993,33.7,,1,,,,,,,,,,,0,,,,Matches,903b6e8b
466,Dominic Sadi,eng ENG,MF,Bournemouth,19,2003,0.0,,0,,,,,,,,,,,0,,,,Matches,54778940
467,Bukayo Saka,eng ENG,FW,Arsenal,21,2001,32.4,,37,,,,,,,,,,,16,,,,Matches,bc7dc64d
468,Mohamed Salah,eg EGY,FW,Liverpool,31,1992,28.2,,11,,,,,,,,,,,2,,,,Matches,e342ad68
469,William Saliba,fr FRA,DF,Arsenal,22,2001,38.0,,26,,,,,,,,,,,29,,,,Matches,972aeb2a
470,Albert Sambi Lokonga,be BEL,MF,Luton Town,23,1999,14.5,,18,,,,,,,,,,,11,,,,Matches,1b4f1169
471,Davinson Sánchez,co COL,DF,Tottenham,27,1996,0.9,,0,,,,,,,,,,,1,,,,Matches,da7b447d
472,Robert Sánchez,es ESP,GK,Chelsea,25,1997,15.9,,0,,,,,,,,,,,0,,,,Matches,6a713852
473,Jadon Sancho,eng ENG,FWMF,Manchester Utd,23,2000,0.9,,1,,,,,,,,,,,1,,,,Matches,dbf053da
474,Ibrahim Sangaré,ci CIV,MF,Nottingham,25,1997,11.5,,22,,,,,,,,,,,14,,,,Matches,bced0375
475,Andrey Santos,br BRA,MF,Nottingham,19,2004,0.1,,0,,,,,,,,,,,0,,,,Matches,dd745366
476,Danilo Santos,br BRA,MF,Nottingham,22,2001,19.9,,22,,,,,,,,,,,33,,,,Matches,a816dbfb
477,Pablo Sarabia,es ESP,MFFW,Wolves,31,1992,19.4,,14,,,,,,,,,,,9,,,,Matches,9744ff80
478,Dane Scarlett,eng ENG,FW,Tottenham,19,2004,0.2,,1,,,,,,,,,,,0,,,,Matches,21945a9e
479,Kevin Schade,de GER,FW,Brentford,21,2001,3.7,,2,,,,,,,,,,,1,,,,Matches,52afb588
480,Fabian Schär,ch SUI,DF,Newcastle,31,1991,33.9,,25,,,,,,,,,,,33,,,,Matches,c8aa95da
481,Jeffrey Schlupp,gh GHA,MFFW,Crystal Palace,30,1992,15.0,,21,,,,,,,,,,,7,,,,Matches,3312f911
482,Alex Scott,eng ENG,MF,Bournemouth,19,2003,11.3,,16,,,,,,,,,,,11,,,,Matches,104d0bb8
483,Matz Sels,be BEL,GK,Nottingham,31,1992,16.0,,0,,,,,,,,,,,0,,,,Matches,834b5c4c
484,Nélson Semedo,pt POR,MFDF,Wolves,29,1993,34.3,,48,,,,,,,,,,,35,,,,Matches,d04b94db
485,Antoine Semenyo,gh GHA,MF,Bournemouth,23,2000,23.4,,17,,,,,,,,,,,5,,,,Matches,efd2ec23
486,Marcos Senesi,ar ARG,DF,Bournemouth,26,1997,24.9,,35,,,,,,,,,,,33,,,,Matches,35141f4c
487,Luke Shaw,eng ENG,DF,Manchester Utd,28,1995,10.7,,9,,,,,,,,,,,6,,,,Matches,9c94165b
488,James Shea,eng ENG,GK,Luton Town,32,1991,0.2,,0,,,,,,,,,,,0,,,,Matches,ee7c0a5e
489,Bernardo Silva,pt POR,MF,Manchester City,28,1994,28.6,,24,,,,,,,,,,,14,,,,Matches,3eb22ec9
490,Fábio Silva,pt POR,FW,Wolves,21,2002,2.9,,4,,,,,,,,,,,2,,,,Matches,e7aa9d7c
491,Thiago Silva,br BRA,DF,Chelsea,38,1984,28.1,,15,,,,,,,,,,,25,,,,Matches,86e7deaf
492,Luis Sinisterra,co COL,MF,Bournemouth,24,1999,7.8,,12,,,,,,,,,,,8,,,,Matches,8e16dd48
493,Oliver Skipp,eng ENG,MFDF,Tottenham,22,2000,7.9,,13,,,,,,,,,,,4,,,,Matches,6250083a
494,Adam Smith,eng ENG,DF,Bournemouth,32,1991,23.9,,23,,,,,,,,,,,21,,,,Matches,20b104bc
495,Emile Smith Rowe,eng ENG,MF,Arsenal,23,2000,3.9,,1,,,,,,,,,,,3,,,,Matches,17695062
496,Cédric Soares,pt POR,DFMF,Arsenal,31,1991,0.7,,0,,,,,,,,,,,0,,,,Matches,839c14e1
497,Dominic Solanke,eng ENG,FW,Bournemouth,25,1997,36.9,,9,,,,,,,,,,,7,,,,Matches,e77dc3b2
498,Manor Solomon,il ISR,MF,Tottenham,24,1999,2.2,,3,,,,,,,,,,,3,,,,Matches,886f9aac
499,Tomáš Souček,cz CZE,MF,West Ham,28,1995,31.9,,36,,,,,,,,,,,33,,,,Matches,6613c819
500,Vinicius Souza,br BRA,MF,Sheffield United,24,1999,29.6,,73,,,,,,,,,,,30,,,,Matches,6a8a7af8
501,Jason Steele,eng ENG,GK,Brighton,32,1990,17.0,,0,,,,,,,,,,,0,,,,Matches,28300a16
502,Raheem Sterling,eng ENG,MF,Chelsea,28,1994,22.0,,9,,,,,,,,,,,10,,,,Matches,b400bde0
503,John Stones,eng ENG,DF,Manchester City,29,1994,11.8,,1,,,,,,,,,,,10,,,,Matches,5eecec3d
504,Thomas Strakosha,al ALB,GK,Brentford,28,1995,1.5,,0,,,,,,,,,,,0,,,,Matches,339fe0e8
505,Dominik Szoboszlai,hu HUN,MF,Liverpool,22,2000,23.4,,18,,,,,,,,,,,14,,,,Matches,934e1968
506,Matt Targett,eng ENG,DF,Newcastle,27,1995,0.9,,0,,,,,,,,,,,0,,,,Matches,e514ab62
507,James Tarkowski,eng ENG,DF,Everton,30,1992,38.0,,42,,,,,,,,,,,55,,,,Matches,15ea812b
508,Jimi Tauriainen,eng ENG,FW,Chelsea,19,2004,0.0,,0,,,,,,,,,,,0,,,,Matches,cac9e583
509,Nuno Tavares,pt POR,DF,Nottingham,23,2000,5.1,,7,,,,,,,,,,,1,,,,Matches,a65c844b
510,Marcus Tavernier,eng ENG,MF,Bournemouth,24,1999,23.5,,33,,,,,,,,,,,4,,,,Matches,5c0da4a4
511,Charlie Taylor,eng ENG,DF,Burnley,29,1993,25.9,,20,,,,,,,,,,,21,,,,Matches,cc2d7ad5
512,Kenny Tete,nl NED,DF,Fulham,27,1995,9.6,,19,,,,,,,,,,,16,,,,Matches,77d7c96f
513,Luke Thomas,eng ENG,MFDF,Sheffield United,22,2001,10.2,,9,,,,,,,,,,,10,,,,Matches,fc027d02
514,Youri Tielemans,be BEL,MFFW,Aston Villa,26,1997,18.0,,21,,,,,,,,,,,14,,,,Matches,56f7a928
515,Jurriën Timber,nl NED,DF,Arsenal,22,2001,0.8,,2,,,,,,,,,,,0,,,,Matches,41034650
516,Harry Toffolo,eng ENG,DFMF,Nottingham,27,1995,16.2,,15,,,,,,,,,,,12,,,,Matches,a105d46a
517,Takehiro Tomiyasu,jp JPN,DF,Arsenal,24,1998,12.8,,8,,,,,,,,,,,18,,,,Matches,b3af9be1
518,James Tomkins,eng ENG,DFMF,Crystal Palace,34,1989,0.1,,0,,,,,,,,,,,0,,,,Matches,e7ca0439
519,Sandro Tonali,it ITA,MF,Newcastle,23,2000,4.9,,7,,,,,,,,,,,2,,,,Matches,0db169ae
520,Ivan Toney,eng ENG,FW,Brentford,27,1996,16.1,,4,,,,,,,,,,,10,,,,Matches,e09f279b
521,Pau Torres,es ESP,DF,Aston Villa,26,1997,27.4,,16,,,,,,,,,,,11,,,,Matches,532e1e4f
522,Andros Townsend,eng ENG,MFFW,Luton Town,32,1991,13.4,,13,,,,,,,,,,,4,,,,Matches,b28bbd58
523,James Trafford,eng ENG,GK,Burnley,20,2002,28.0,,1,,,,,,,,,,,1,,,,Matches,259fea27
524,Adama Traoré,es ESP,MF,Fulham,27,1996,4.2,,3,,,,,,,,,,,1,,,,Matches,9a28eba4
525,Bénie Traoré,ci CIV,FWMF,Sheffield United,20,2002,4.3,,2,,,,,,,,,,,1,,,,Matches,77816c91
526,Bertrand Traoré,bf BFA,FWMF,Aston Villa,27,1995,0.1,,1,,,,,,,,,,,0,,,,Matches,c47541e0
527,Boubacar Traoré,ml MLI,MF,Wolves,21,2001,9.1,,22,,,,,,,,,,,5,,,,Matches,999ceb5f
528,Mark Travers,ie IRL,GK,Bournemouth,24,1999,4.0,,0,,,,,,,,,,,0,,,,Matches,fe558029
529,Mike Trésor,be BEL,MFFW,Burnley,24,1999,4.7,,6,,,,,,,,,,,1,,,,Matches,b2a81fc6
530,Kieran Trippier,eng ENG,DF,Newcastle,32,1990,24.8,,27,,,,,,,,,,,24,,,,Matches,21512407
531,Leandro Trossard,be BEL,FWMF,Arsenal,28,1994,18.3,,14,,,,,,,,,,,8,,,,Matches,38ceb24a
532,Auston Trusty,us USA,DF,Sheffield United,24,1998,28.6,,29,,,,,,,,,,,34,,,,Matches,cddf767b
533,Kostas Tsimikas,gr GRE,DF,Liverpool,27,1996,7.5,,12,,,,,,,,,,,4,,,,Matches,f315ca93
534,Matt Turner,us USA,GK,Nottingham,29,1994,17.0,,0,,,,,,,,,,,0,,,,Matches,4a51ba65
535,Destiny Udogie,it ITA,DF,Tottenham,20,2002,26.6,,33,,,,,,,,,,,37,,,,Matches,7cd520e8
536,Lesley Ugochukwu,fr FRA,MF,Chelsea,19,2004,3.3,,10,,,,,,,,,,,1,,,,Matches,1df4a109
537,Enes Ünal,tr TUR,FW,Bournemouth,26,1997,3.6,,4,,,,,,,,,,,1,,,,Matches,f8eca1b6
538,Virgil van Dijk,nl NED,DF,Liverpool,32,1991,35.3,,23,,,,,,,,,,,35,,,,Matches,e06683ca
539,Raphaël Varane,fr FRA,DF,Manchester Utd,30,1993,15.3,,10,,,,,,,,,,,14,,,,Matches,9f8e9423
540,Alejo Véliz,ar ARG,FW,Tottenham,19,2003,0.6,,0,,,,,,,,,,,0,,,,Matches,3f7bafbe
541,Joël Veltman,nl NED,DF,Brighton,31,1992,17.6,,41,,,,,,,,,,,18,,,,Matches,dad4b285
542,Micky van de Ven,nl NED,DF,Tottenham,22,2001,26.0,,34,,,,,,,,,,,17,,,,Matches,8fe2a392
543,Bart Verbruggen,nl NED,GK,Brighton,20,2002,21.0,,1,,,,,,,,,,,0,,,,Matches,cf134113
544,Guglielmo Vicario,it ITA,GK,Tottenham,26,1996,38.0,,0,,,,,,,,,,,1,,,,Matches,77d6fd4d
545,Fabio Vieira,pt POR,MF,Arsenal,23,2000,3.3,,2,,,,,,,,,,,2,,,,Matches,6412cc03
546,Carlos Vinícius,br BRA,FW,Fulham,28,1995,3.5,,2,,,,,,,,,,,0,,,,Matches,8b529245
547,Vitinho,br BRA,DFMF,Burnley,24,1999,25.7,,34,,,,,,,,,,,9,,,,Matches,9295dc1c
548,Odysseas Vlachodimos,gr GRE,GK,Nottingham,29,1994,5.0,,0,,,,,,,,,,,0,,,,Matches,03df04ff
549,Kyle Walker,eng ENG,DFMF,Manchester City,33,1990,30.7,,24,,,,,,,,,,,24,,,,Matches,86dd77d1
550,Aaron Wan-Bissaka,cd COD,DF,Manchester Utd,25,1997,19.8,,25,,,,,,,,,,,39,,,,Matches,9e525177
551,Joel Ward,eng ENG,DF,Crystal Palace,33,1989,22.0,,28,,,,,,,,,,,13,,,,Matches,8a7ff278
552,James Ward-Prowse,eng ENG,MF,West Ham,28,1994,33.3,,30,,,,,,,,,,,38,,,,Matches,3515d404
553,Lewis Warrington,eng ENG,MF,Everton,20,2002,0.0,,0,,,,,,,,,,,0,,,,Matches,8e633970
554,Deivid Washington,br BRA,FW,Chelsea,18,2005,0.1,,1,,,,,,,,,,,0,,,,Matches,95bd120d
555,Ollie Watkins,eng ENG,FW,Aston Villa,27,1995,35.7,,7,,,,,,,,,,,4,,,,Matches,aed3a70f
556,Adam Webster,eng ENG,DF,Brighton,28,1995,12.7,,12,,,,,,,,,,,16,,,,Matches,c40b6180
557,Danny Welbeck,eng ENG,FWMF,Brighton,32,1990,18.8,,18,,,,,,,,,,,8,,,,Matches,ce5143da
558,Timo Werner,de GER,MFFW,Tottenham,27,1996,9.0,,4,,,,,,,,,,,3,,,,Matches,49fe9070
559,Adam Wharton,eng ENG,MF,Crystal Palace,19,2004,14.4,,31,,,,,,,,,,,18,,,,Matches,4b542852
560,Ethan Wheatley,eng ENG,FW,Manchester Utd,17,2006,0.2,,1,,,,,,,,,,,2,,,,Matches,5c368c88
561,Ben White,eng ENG,DF,Arsenal,25,1997,33.2,,28,,,,,,,,,,,30,,,,Matches,35e413f1
562,Joe White,eng ENG,MF,Newcastle,20,2002,0.1,,1,,,,,,,,,,,0,,,,Matches,d60c03a9
563,Neco Williams,wls WAL,DFMF,Nottingham,22,2001,18.2,,39,,,,,,,,,,,23,,,,Matches,dd323728
564,Willian,br BRA,MFFW,Fulham,34,1988,22.8,,11,,,,,,,,,,,9,,,,Matches,8b9ebd03
565,Joe Willock,eng ENG,MF,Newcastle,23,1999,4.7,,7,,,,,,,,,,,1,,,,Matches,a3b03921
566,Callum Wilson,eng ENG,FW,Newcastle,31,1992,11.0,,3,,,,,,,,,,,1,,,,Matches,c596fcb0
567,Harry Wilson,wls WAL,MFFW,Fulham,26,1997,18.0,,13,,,,,,,,,,,9,,,,Matches,c6dc9ecd
568,Yoane Wissa,cd COD,FW,Brentford,26,1996,27.7,,14,,,,,,,,,,,9,,,,Matches,2500cef9
569,Chris Wood,nz NZL,FW,Nottingham,31,1991,20.1,,4,,,,,,,,,,,1,,,,Matches,4e9a0555
570,Cauley Woodrow,eng ENG,FW,Luton Town,28,1994,4.7,,10,,,,,,,,,,,1,,,,Matches,d3085b49
571,Joe Worrall,eng ENG,DF,Nottingham,26,1997,4.9,,5,,,,,,,,,,,3,,,,Matches,a5212312
572,Yehor Yarmoliuk,ua UKR,MF,Brentford,19,2004,7.6,,11,,,,,,,,,,,6,,,,Matches,907a5d7c
573,Ryan Yates,eng ENG,MF,Nottingham,25,1997,22.1,,37,,,,,,,,,,,21,,,,Matches,c1fe2a48
574,Ashley Young,eng ENG,DFMF,Everton,38,1985,25.3,,36,,,,,,,,,,,22,,,,Matches,be927d03
575,Illia Zabarnyi,ua UKR,DF,Bournemouth,20,2002,37.0,,31,,,,,,,,,,,31,,,,Matches,88968486
576,Nicolò Zaniolo,it ITA,MFFW,Aston Villa,24,1999,9.3,,9,,,,,,,,,,,1,,,,Matches,9907b1c8
577,Anass Zaroury,ma MAR,FW,Burnley,22,2000,1.7,,0,,,,,,,,,,,0,,,,Matches,07d65234
578,Oleksandr Zinchenko,ua UKR,DF,Arsenal,26,1996,19.1,,30,,,,,,,,,,,19,,,,Matches,51cf8561
579,Kurt Zouma,fr FRA,DF,West Ham,28,1994,31.5,,17,,,,,,,,,,,27,,,,Matches,ce4246f5
580,Martin Ødegaard,no NOR,MF,Arsenal,24,1998,34.3,,18,,,,,,,,,,,14,,,,Matches,79300479