player_code,tm_player_id
1243,11680.0
1616,5278.0
1632,3291.0
1718,3160.0
1801,3630.0
1822,3146.0
2404,3878.0
2513,51730.0
3201,3190.0
3736,3540.0
3773,4072.0
5288,488.0
5589,13683.0
6744,13460.0
7525,4321.0
7551,4241.0
7638,3640.0
7645,13520.0
7906,36861.0
7958,3875.0
8380,12691.0
8432,
9047,3881.0
9089,13572.0
9110,9508.0
9808,3455.0
10318,4311.0
10460,13796.0
10589,
11037,49655.0
11334,5658.0
11352,51528.0
11467,36866.0
11554,12814.0
11735,13427.0
11829,14066.0
11854,31312.0
11948,
11974,2857.0
12002,4063.0
12086,3838.0
12150,12124.0
12390,9422.0
12413,2998.0
12496,7589.0
12679,9988.0
12744,33963.0
12745,13507.0
12813,3306.0
13017,3332.0
13152,56872.0
14075,5285.0
14295,3547.0
14664,13091.0
14927,
14937,8198.0
15033,10003.0
15109,13465.0
15114,40043.0
15137,15166.0
15144,9500.0
15149,13573.0
15157,3333.0
15208,2514.0
15237,29975.0
15276,3292.0
15633,16660.0
15749,40204.0
15885,4233.0
15944,25366.0
15982,4055.0
16045,14081.0
17127,6710.0
17336,7449.0
17339,28973.0
17349,14221.0
17476,9594.0
17601,
17740,15956.0
17745,16911.0
17761,173504.0
17878,
17997,15773.0
18006,27659.0
18008,27614.0
18073,31835.0
18155,17396.0
18440,
18499,
18507,44779.0
18656,19059.0
18665,
18726,15220.0
18759,28260.0
18805,34409.0
18832,
18867,
18892,14086.0
18987,22614.0
19057,31720.0
19071,10503.0
19101,50552.0
19115,18227.0
19151,36814.0
19159,67355.0
19188,62688.0
19194,
19197,47995.0
19236,
19272,40567.0
19342,107427.0
19419,27511.0
19520,
19523,
19524,15799.0
19556,24634.0
19568,15760.0
19624,
19687,37957.0
19760,35564.0
19812,31886.0
19838,39037.0
20037,36939.0
20046,35249.0
20047,48950.0
20066,45494.0
20145,38145.0
20208,28990.0
20310,19948.0
20399,32522.0
20452,37304.0
20467,33713.0
20480,33027.0
20481,34838.0
20487,33781.0
20529,45693.0
20658,20007.0
20664,35518.0
20669,10375.0
20695,33544.0
21083,37011.0
21123,21905.0
21205,34130.0
21246,35413.0
26719,66518.0
26901,33639.0
26921,8552.0
27334,27306.0
27335,
27341,29434.0
27436,
27462,29055.0
27698,
27707,42413.0
27770,
27789,
28082,
28147,70950.0
28160,37337.0
28244,45623.0
28411,79422.0
28448,37363.0
28462,67211.0
28468,37171.0
28495,30739.0
28541,42411.0
28554,18935.0
28593,39532.0
28609,43858.0
28654,38073.0
28690,46220.0
32259,51321.0
32318,30456.0
33148,40423.0
33871,26669.0
34654,33507.0
36903,39381.0
37002,16311.0
37096,29692.0
37265,40433.0
37339,66333.0
37388,16947.0
37402,6636.0
37572,26399.0
37605,35664.0
37614,
37642,42412.0
37742,27114.0
37748,26764.0
37869,45861.0
37901,37647.0
37915,17965.0
37998,22388.0
38038,67283.0
38290,50174.0
38411,43003.0
38419,
38439,63494.0
38454,37838.0
38490,44741.0
38499,112668.0
38533,
38580,33829.0
38588,43084.0
38716,
39104,19368.0
39155,43530.0
39158,55291.0
39167,44327.0
39187,38497.0
39194,43250.0
39215,26276.0
39253,25248.0
39270,37787.0
39472,44624.0
39476,
39487,43763.0
39725,22491.0
39790,27486.0
39847,33866.0
40002,54906.0
40142,48066.0
40145,40613.0
40146,40611.0
40202,77544.0
40232,
40276,44675.0
40346,56631.0
40349,33873.0
40383,52570.0
40386,
40387,44983.0
40399,48078.0
40451,
40555,51452.0
40559,
40564,
40616,34691.0
40669,48002.0
40694,
40720,48280.0
40725,37442.0
40755,47082.0
40772,19041.0
40784,47713.0
40833,60583.0
40836,
40845,49755.0
40868,41112.0
41135,36827.0
41184,39679.0
41251,34159.0
41270,46741.0
41320,61819.0
41321,50477.0
41328,57500.0
41338,59606.0
41464,41384.0
41674,111114.0
41705,39471.0
41725,65477.0
41727,
41733,49499.0
41792,50057.0
41823,50362.0
41926,9966.0
41945,37981.0
42427,44792.0
42493,45146.0
42525,
42564,45660.0
42583,17804.0
42593,46156.0
42727,23825.0
42738,37941.0
42748,36291.0
42774,56818.0
42786,50202.0
42824,
42892,18644.0
42899,30690.0
42996,66550.0
43020,50935.0
43191,
43250,73484.0
43252,73482.0
43521,51540.0
43626,
43670,44068.0
43693,54935.0
43808,31514.0
44302,
44336,57162.0
44343,46791.0
44346,82442.0
44413,23951.0
44604,55619.0
44683,53360.0
44699,63200.0
45034,42460.0
45076,57420.0
45124,45403.0
45196,
45220,
45268,46001.0
46483,56810.0
46695,55687.0
47247,
47390,67416.0
47431,52769.0
48332,16408.0
48615,55742.0
48717,37526.0
48760,52059.0
48771,59558.0
48773,45509.0
48844,73396.0
48860,12359.0
49013,59866.0
49083,
49195,77932.0
49202,61549.0
49207,39908.0
49262,
49277,63342.0
49382,
49384,57079.0
49413,61592.0
49438,57207.0
49440,65976.0
49464,59323.0
49539,66219.0
49579,
49688,77737.0
49696,26456.0
49773,83430.0
49806,
49845,
49944,61832.0
49957,37920.0
49982,
50089,31642.0
50093,
50175,67063.0
50229,77274.0
50232,71292.0
50471,41416.0
50472,45333.0
51090,1210050.0
51344,77001.0
51507,76277.0
51917,53231.0
51927,74810.0
51934,21327.0
51938,61560.0
51940,59377.0
51943,95795.0
52153,76799.0
52287,53359.0
52484,
52538,51174.0
52775,60577.0
52940,60744.0
53371,68183.0
54102,74223.0
54284,55125.0
54316,54890.0
54421,
54469,61841.0
54484,76467.0
54513,65467.0
54527,
54694,58864.0
54738,77757.0
54756,77760.0
54764,
54771,61891.0
54861,50201.0
54908,59631.0
55037,66934.0
55038,
55313,66413.0
55317,
55422,90466.0
55452,75471.0
55459,92571.0
55494,92572.0
55605,42710.0
55829,45330.0
55909,103427.0
55914,75067.0
56192,91251.0
56377,
56827,47659.0
56864,74869.0
56872,87672.0
56917,90836.0
56979,61651.0
56981,
56983,92469.0
57001,81808.0
57112,90681.0
57127,
57134,80197.0
57145,85475.0
57187,69001.0
57249,55735.0
57328,85177.0
57410,54781.0
57513,48870.0
57531,104124.0
57586,72462.0
57647,104495.0
57736,49734.0
57913,
58376,95976.0
58476,
58498,62121.0
58621,95424.0
58771,61644.0
58786,78959.0
58791,61834.0
58822,112988.0
58845,98240.0
58877,12282.0
58893,93176.0
59044,73067.0
59115,28336.0
59125,95435.0
59614,
59735,99397.0
59741,28140.0
59779,101213.0
59796,82130.0
59846,99343.0
59856,76608.0
59859,53622.0
59940,67421.0
59949,68390.0
59966,93720.0
60025,88103.0
60165,103565.0
60232,121477.0
60252,61842.0
60270,96828.0
60307,82873.0
60551,91317.0
60586,89231.0
60598,59032.0
60689,108725.0
60706,71271.0
60772,108390.0
60794,108878.0
60914,82105.0
61256,16306.0
61262,85314.0
61302,111073.0
61316,81999.0
61366,88755.0
61538,61711.0
61548,112343.0
61558,60444.0
61566,112302.0
61595,74228.0
61600,113036.0
61603,73491.0
61604,171679.0
61739,
61760,75890.0
61810,125314.0
61858,62049.0
61916,
61933,119269.0
62398,74683.0
62399,36139.0
62974,111630.0
63370,85935.0
63426,
66242,79027.0
66247,92899.0
66588,67420.0
66733,91970.0
66749,96341.0
66797,50219.0
66838,45671.0
66842,
66975,74300.0
67089,74960.0
67184,
67527,111508.0
68312,86792.0
68983,102258.0
69140,88590.0
69143,74943.0
69752,111819.0
69960,53173.0
71738,
72147,124884.0
72222,92738.0
72681,
73314,122155.0
73426,120565.0
73459,
73494,45184.0
73889,120610.0
74033,122223.0
74208,122153.0
74230,52119.0
74297,
74375,119164.0
74471,123951.0
74854,
74944,123551.0
75115,123682.0
75773,81801.0
75826,
75880,78966.0
76306,
76357,
76359,117996.0
76360,
76542,81796.0
77359,127108.0
77454,96754.0
77610,
77760,121686.0
77762,124983.0
77777,
77794,95810.0
77818,91340.0
78007,1011131.0
78056,66100.0
78091,123742.0
78315,101118.0
78356,129627.0
78412,79642.0
78607,
78830,132098.0
78911,
78916,
79228,125868.0
79602,136401.0
79619,61573.0
79733,101682.0
79852,
79934,73547.0
80146,108354.0
80179,121257.0
80183,110860.0
80201,
80226,127032.0
80254,126321.0
80447,81789.0
80498,61583.0
80607,69633.0
80711,127194.0
80755,38383.0
80788,85928.0
80789,85289.0
80792,
80801,126665.0
80935,136610.0
80954,131505.0
81012,
81048,
81061,138285.0
81183,101500.0
81205,119150.0
81441,142389.0
81880,143424.0
82078,
82143,61697.0
82257,111428.0
82263,112515.0
82403,145988.0
82428,133179.0
82514,
82660,147034.0
82691,
82738,125685.0
82771,122011.0
83091,85324.0
83283,129078.0
83299,148153.0
83312,128904.0
83314,148262.0
83427,
83428,121385.0
83543,149237.0
84112,123397.0
84182,120629.0
84384,
84395,57423.0
84450,111455.0
84583,80444.0
84915,157490.0
84939,134294.0
85017,158700.0
85128,163656.0
85242,
85352,112052.0
85368,57842.0
85624,81512.0
85633,127202.0
85654,104223.0
85955,
85971,91845.0
86129,93128.0
86153,
86173,70934.0
86176,157368.0
86417,157506.0
86431,93690.0
86873,127181.0
86881,111051.0
86934,135853.0
87107,
87121,
87396,
87428,49501.0
87447,93905.0
87835,
87856,102382.0
87873,158764.0
88170,148734.0
88175,
88248,85941.0
88482,128223.0
88484,74230.0
88498,110858.0
88734,
88894,131978.0
88898,163738.0
88900,163744.0
88935,129554.0
89068,126710.0
89076,148252.0
89085,128900.0
89274,
89335,148928.0
89470,
89572,
90105,146795.0
90152,164770.0
90263,167393.0
90440,
90517,128229.0
90518,
90585,
90714,168337.0
91046,169801.0
91047,
91126,118535.0
91651,
91889,75489.0
91972,128897.0
91979,145922.0
92159,
92170,170929.0
92217,131789.0
92259,
92293,121404.0
92371,
92383,173483.0
93001,148967.0
93100,
93127,134936.0
93264,175722.0
93284,
93464,121279.0
94147,
94245,179184.0
94248,
94924,129476.0
94926,233998.0
95463,203026.0
95508,158022.0
95658,177907.0
95715,77100.0
96305,171260.0
96306,184398.0
96764,157501.0
96767,
96778,163530.0
96784,184129.0
96787,
96994,
97032,139208.0
97296,183161.0
97299,186590.0
97485,122675.0
97615,187105.0
97846,194386.0
98745,191217.0
98747,192080.0
98770,
98780,100507.0
98914,184672.0
98980,111873.0
99127,131248.0
99323,144303.0
100059,207917.0
100180,145707.0
100412,135057.0
100649,
101061,
101105,
101148,183318.0
101178,181579.0
101179,226965.0
101184,215118.0
101188,
101338,106987.0
101394,137616.0
101537,
101582,
101668,197838.0
101982,110864.0
102057,
102366,159692.0
102380,86202.0
102549,822917.0
102738,130756.0
102747,
102826,157495.0
102836,191056.0
102884,195488.0
103025,171424.0
103100,170322.0
103123,
103127,129893.0
103192,157509.0
103912,195652.0
103914,195633.0
103955,134425.0
104047,244338.0
104073,
104535,186290.0
104542,85864.0
104545,176056.0
104547,196522.0
104953,186997.0
105377,129604.0
105666,128899.0
105700,173859.0
105717,181380.0
106449,200782.0
106450,200777.0
106468,193098.0
106603,141655.0
106606,181687.0
106611,118534.0
106617,183334.0
106618,170321.0
106757,166240.0
106760,183288.0
106824,167850.0
106837,
106899,202984.0
107265,201574.0
107613,
108053,146509.0
108093,
108156,
108411,207037.0
108413,207014.0
108416,
108438,199369.0
108796,207742.0
108813,208379.0
108823,
108824,208244.0
109065,182932.0
109322,141660.0
109345,
109434,152651.0
109528,162029.0
109533,181778.0
109638,214928.0
109646,
109745,
109788,149729.0
109999,
110504,131996.0
110735,
110979,200512.0
111234,130164.0
111291,137745.0
111317,
111452,124419.0
111457,94005.0
111478,111195.0
111773,
111782,75458.0
111787,189070.0
111847,93145.0
111931,
112139,39033.0
112316,138335.0
112338,119296.0
112507,186923.0
112516,245805.0
112520,245625.0
113534,220491.0
113564,236953.0
113688,209781.0
114000,218140.0
114054,
114093,220755.0
114128,
114241,198516.0
114243,199527.0
114245,
114283,
114536,183284.0
115357,215677.0
115382,
115556,192765.0
115854,248045.0
115858,
115918,205657.0
116216,
116404,156501.0
116535,
116543,
116594,225083.0
116643,
118335,224884.0
118342,125714.0
118748,148455.0
118884,
119471,
119765,126422.0
120202,228645.0
120250,
120447,175745.0
120721,183321.0
121145,
121160,238223.0
121221,11111.0
121570,134277.0
121599,127187.0
121709,296802.0
122074,
122342,223047.0
122411,255788.0
122775,174094.0
122797,
122798,234803.0
122806,
123125,95755.0
123354,
124165,
124183,217111.0
126184,177476.0
126187,202886.0
126407,245537.0
126468,198495.0
128198,232271.0
128295,148367.0
128309,239949.0
128340,275590.0
128348,
128389,51152.0
130025,62945.0
130036,236471.0
130103,244125.0
131304,192875.0
131403,
131897,128969.0
132015,
133085,243591.0
133798,159471.0
133801,236513.0
133845,232964.0
134383,262545.0
135363,196948.0
135365,216569.0
135720,
138001,103785.0
138009,244130.0
139110,
140200,222209.0
140941,245072.0
141020,
141569,
141746,
141921,
143877,
144485,251664.0
144660,210081.0
145212,241119.0
145235,277179.0
146426,251912.0
146610,
146941,176553.0
147303,90583.0
147611,272855.0
147612,
147668,261357.0
147675,197642.0
148179,139503.0
148225,182877.0
148508,
149016,307781.0
149051,258199.0
149065,
149266,287431.0
149468,156934.0
149484,253677.0
149519,234781.0
149736,203348.0
149828,174915.0
149915,246291.0
149929,255731.0
151086,170934.0
151119,255916.0
151589,
152015,188862.0
152551,
152590,255755.0
152760,148368.0
152898,192765.0
153127,206225.0
153133,242631.0
153256,160438.0
153366,226973.0
153371,
153373,226968.0
153379,286919.0
153477,293784.0
153601,257740.0
153673,258883.0
153678,183298.0
153682,279455.0
153723,
153772,183301.0
154043,285845.0
154048,340328.0
154050,356569.0
154051,337284.0
154131,
154138,249873.0
154296,
154506,120186.0
154558,257968.0
154559,320228.0
154561,262749.0
154566,258889.0
154976,177847.0
154998,245744.0
155197,258885.0
155405,351749.0
155408,249089.0
155503,226049.0
155509,257533.0
155511,250426.0
155513,258188.0
155529,186901.0
155561,170646.0
155569,214056.0
155651,
155706,107617.0
155851,73185.0
156069,
156074,253341.0
156658,264220.0
156660,242644.0
156683,244192.0
156685,183293.0
156686,251058.0
156687,183302.0
156689,203394.0
156690,289844.0
156700,246963.0
157665,186383.0
157668,249126.0
157775,
157882,
158074,149498.0
158499,188077.0
158534,341051.0
158544,315185.0
158983,146310.0
159039,
159506,236490.0
159533,204103.0
160190,258216.0
160729,277114.0
160816,179451.0
160817,167268.0
160987,
162344,271098.0
162651,255744.0
163463,211325.0
163526,247555.0
163776,230746.0
163793,245893.0
164011,271966.0
164484,221624.0
164511,
164555,157672.0
165152,337640.0
165153,170527.0
165183,278166.0
165210,
165659,329145.0
165808,
165809,241641.0
165911,246579.0
165990,207015.0
166324,
166325,930987.0
166477,262226.0
166640,
166989,
167074,206746.0
167075,253765.0
167191,
167199,230784.0
167473,147094.0
167512,282939.0
167522,291544.0
167541,96000.0
167767,281404.0
167789,293450.0
167878,
167887,314241.0
167888,336367.0
168035,305274.0
168090,191422.0
168172,287167.0
168196,192611.0
168281,255906.0
168287,284727.0
168290,
168399,
168547,242284.0
168566,215679.0
168580,246968.0
168636,251106.0
168717,240457.0
168763,341049.0
168764,
168765,243589.0
168977,285551.0
168991,320411.0
169061,314140.0
169102,182618.0
169130,258310.0
169141,238639.0
169187,314353.0
169359,250478.0
169432,298477.0
169527,268185.0
169528,349701.0
169535,129592.0
169593,196722.0
169735,320220.0
169743,287528.0
170137,
170154,251876.0
170271,
170851,357958.0
171099,290017.0
171101,182904.0
171129,
171162,177862.0
171270,
171273,258879.0
171277,258886.0
171287,256178.0
171314,258004.0
171317,
171319,258027.0
171422,277697.0
171771,243028.0
171975,
171982,241916.0
172246,238809.0
172453,292139.0
172551,
172567,242606.0
172632,292417.0
172649,
172780,
172782,
172841,290532.0
172850,316125.0
172912,287579.0
173268,226073.0
173271,238266.0
173399,192167.0
173514,295331.0
173515,295330.0
173792,314295.0
173804,314284.0
173807,314210.0
173809,314266.0
173810,
173818,344009.0
173821,296986.0
173879,331726.0
173904,341429.0
173954,241481.0
174248,735674.0
174254,242273.0
174292,296622.0
174310,319900.0
174590,
174592,314367.0
174593,314366.0
174594,314288.0
174595,314378.0
174597,
174874,260827.0
174932,251845.0
175351,
175353,
175592,
175941,282823.0
175946,
176295,289845.0
176296,289846.0
176297,258923.0
176413,
176414,
176420,351755.0
176706,
177815,306024.0
178173,
178186,314875.0
178301,324358.0
178304,291422.0
178867,302371.0
178871,261504.0
178876,
179018,
179261,396284.0
179268,284857.0
179276,257805.0
179456,
179458,293281.0
179519,289592.0
179587,
179596,341993.0
179620,314959.0
179725,479945.0
179829,339789.0
179830,342048.0
180135,
180151,293200.0
180184,288255.0
180294,
180736,346314.0
180804,342046.0
180974,
181008,
181284,225122.0
181397,
181489,345960.0
181911,258888.0
182156,192565.0
182436,344015.0
182539,
182960,286415.0
183015,364827.0
183487,337321.0
183656,
183751,322702.0
184029,316264.0
184193,452707.0
184254,286047.0
184259,396861.0
184341,
184349,
184386,324223.0
184667,184573.0
184704,
184754,292246.0
185056,318547.0
185253,330085.0
185431,122980.0
185478,327755.0
189627,295630.0
189776,289510.0
191769,273773.0
191866,328658.0
192182,289791.0
192290,214666.0
192301,245034.0
192303,
192895,
193109,
193111,
193195,347619.0
193204,
193488,
193645,328784.0
194010,701057.0
194126,
194164,348623.0
194190,298091.0
194252,
194401,
194634,
194794,303254.0
194798,
194799,
195064,
195384,338424.0
195471,
195473,406560.0
195480,453824.0
195546,
195728,337333.0
195735,
195774,
195851,315969.0
195855,399369.0
195859,391470.0
195860,
195864,387331.0
195899,315867.0
196100,322985.0
196118,
196411,349503.0
197024,342385.0
197030,
197365,286384.0
197464,
197469,341501.0
197937,341317.0
198044,341043.0
198501,349300.0
198504,357397.0
198826,
198842,337787.0
198847,
198849,
198869,
199056,364409.0
199170,291200.0
199249,282429.0
199404,406637.0
199583,346315.0
199584,
199598,392771.0
199670,344152.0
199796,425334.0
199798,
199806,345899.0
200088,
200089,340329.0
200370,391132.0
200402,231572.0
200428,345437.0
200439,
200455,286005.0
200600,
200617,319301.0
200641,340325.0
200720,
200785,332705.0
200826,
200834,348026.0
200878,261988.0
200884,382554.0
201057,228948.0
201084,315131.0
201410,389253.0
201440,260166.0
201595,
201658,399434.0
201666,398065.0
201667,
201895,353032.0
202174,356195.0
202641,234509.0
202993,354362.0
203325,
203341,274839.0
203368,
203389,
204043,362842.0
204120,318508.0
204214,349599.0
204216,353674.0
204380,
204454,
204480,357662.0
204481,
204580,270171.0
204642,360517.0
204646,326029.0
204676,345468.0
204716,357119.0
204727,344596.0
204760,479939.0
204814,426192.0
204819,364828.0
204820,
204822,424881.0
204863,262300.0
204936,315858.0
204968,425902.0
205102,312017.0
205135,387313.0
205533,340324.0
205651,363205.0
205836,204294.0
206325,203853.0
206882,
206915,433188.0
207189,
207270,260841.0
207283,319859.0
207300,
207722,368629.0
207725,367195.0
208706,
208904,407021.0
208912,415970.0
208973,371436.0
208987,326300.0
208998,
209035,392777.0
209036,
209037,
209040,
209041,392770.0
209042,
209043,406633.0
209045,484551.0
209046,392768.0
209212,430788.0
209243,401173.0
209244,406635.0
209288,406556.0
209289,
209293,387191.0
209353,
209362,
209365,326031.0
209400,356141.0
209411,
209413,397099.0
209418,503687.0
209419,460255.0
209420,506213.0
209925,
210156,295313.0
210207,364861.0
210237,222813.0
210407,225984.0
210462,375885.0
210494,361914.0
211975,284730.0
212314,245056.0
212319,378710.0
212325,377393.0
212701,334526.0
212721,
212723,291739.0
213056,
213198,344381.0
213280,
213345,
213384,453306.0
213405,
213482,
213687,376856.0
213999,
214048,
214225,297212.0
214285,338070.0
214466,
214470,
214572,
214590,477758.0
214964,385848.0
214987,237632.0
215059,403151.0
215062,
215066,
215136,
215379,567576.0
215407,
215409,
215413,475188.0
215439,
215457,392774.0
215460,392763.0
215476,393325.0
215531,303657.0
215610,392772.0
215711,387626.0
215885,378629.0
216051,
216054,
216055,357162.0
216058,391719.0
216094,484547.0
216183,314678.0
216208,293257.0
216554,395797.0
216616,401320.0
216620,404584.0
216646,388165.0
217331,398402.0
217401,
217487,
217593,
217989,400831.0
218023,
218031,
218112,325200.0
218218,292808.0
218328,401922.0
218364,293194.0
218430,402733.0
218997,
219002,303259.0
219168,349066.0
219249,406634.0
219265,406640.0
219279,
219291,395239.0
219352,406040.0
219727,375391.0
219847,309400.0
219924,
219929,
219937,503679.0
219961,411295.0
220037,
220087,263361.0
220166,
220237,361093.0
220307,
220362,386047.0
220394,
220566,
220583,527425.0
220585,506189.0
220598,444208.0
220627,
220650,338673.0
220682,503769.0
220684,502065.0
220686,433186.0
220688,
220693,433184.0
220695,470596.0
220738,357656.0
221239,
221245,537182.0
221267,419929.0
221268,
221271,464738.0
221272,
221275,432293.0
221286,479944.0
221389,432914.0
221399,417346.0
221403,417348.0
221466,469781.0
221568,396857.0
221610,534700.0
221632,355915.0
221820,480762.0
222017,
222018,468002.0
222434,419930.0
222531,
222564,
222625,
222627,
222677,
222683,330659.0
222690,339340.0
222694,410708.0
222786,
223081,418561.0
223094,418560.0
223175,
223332,
223333,505548.0
223335,502074.0
223336,570336.0
223337,504051.0
223340,
223349,
223434,380350.0
223541,341092.0
223723,331560.0
223824,503241.0
223827,503686.0
223911,
224024,444523.0
224068,425306.0
224117,
224209,369684.0
224444,398184.0
224860,372246.0
224946,493607.0
224967,
224995,
225000,495993.0
225295,371256.0
225321,427568.0
225368,379980.0
225702,424051.0
225796,
225897,296422.0
225902,344605.0
226029,
226182,465717.0
226473,433818.0
226597,435338.0
226944,394327.0
226956,391005.0
227127,
227444,413507.0
227560,409106.0
228044,372240.0
228286,442531.0
228798,341647.0
229164,392591.0
229384,430310.0
229415,403564.0
229600,
230001,340456.0
230046,
230127,312239.0
230251,448854.0
230348,447995.0
230376,588989.0
230428,
231057,450050.0
231065,442248.0
231172,479942.0
231372,
231416,369316.0
231480,438001.0
231747,420002.0
231899,458178.0
232112,476701.0
232185,
232223,503770.0
232228,528892.0
232229,530732.0
232233,
232241,
232245,540687.0
232247,503688.0
232351,
232356,990997.0
232361,
232391,
232398,431422.0
232413,479999.0
232423,507254.0
232427,456877.0
232456,530807.0
232477,496661.0
232571,475946.0
232620,533657.0
232653,503749.0
232667,
232787,488362.0
232792,
232797,
232820,61688.0
232826,
232829,465896.0
232859,483348.0
232881,461882.0
232892,461883.0
232917,
232928,
232937,
232957,
232960,
232964,
232977,
232979,
232980,
233420,476352.0
233425,
233489,470606.0
233497,
233821,377468.0
233849,
233963,415912.0
234370,336869.0
234483,385918.0
234720,
234908,480763.0
235382,
235448,456292.0
235449,502070.0
235530,
235546,390664.0
235599,
235640,746778.0
235674,396638.0
235826,369962.0
240143,413032.0
240299,503975.0
240499,509268.0
240514,463527.0
240796,811778.0
241157,476344.0
241231,403898.0
241289,
241519,332697.0
241791,
242058,
242166,
242183,27614.0
242453,469958.0
242500,255111.0
242510,444641.0
242880,463603.0
242882,463605.0
242885,463610.0
242898,470607.0
243016,
243298,434675.0
243343,565420.0
243345,560694.0
243505,384461.0
243526,362108.0
243531,476532.0
243532,499604.0
243557,395516.0
243568,
243569,424021.0
243571,424015.0
243710,
244042,735571.0
244085,488656.0
244262,608175.0
244560,318523.0
244619,
244704,439072.0
244716,459463.0
244723,
244731,480692.0
244845,503990.0
244848,530915.0
244850,503743.0
244851,
244856,548470.0
244858,559263.0
244890,725703.0
244930,503988.0
244932,568007.0
244954,399776.0
245414,392085.0
245419,365172.0
245719,
245824,525287.0
245830,506470.0
245923,
246265,433329.0
246301,494880.0
246799,511964.0
246878,340394.0
247245,338635.0
247286,494684.0
247348,493003.0
247412,429983.0
247632,
247664,434015.0
247670,522784.0
247693,487969.0
247955,420210.0
248056,
248164,484838.0
248853,503976.0
248854,566832.0
248857,503987.0
248859,344888.0
248865,531461.0
248875,486049.0
248937,532178.0
249231,644401.0
250199,497291.0
250370,495033.0
250604,
250735,386786.0
420922,487924.0
421796,511813.0
422287,504518.0
422303,583199.0
422306,
422612,511552.0
423649,490307.0
424001,
424044,391065.0
424876,451276.0
427420,504215.0
427623,578539.0
427637,393323.0
428399,462250.0
428580,421637.0
428610,
428626,383109.0
428971,381469.0
429414,369567.0
430367,
430871,517894.0
430992,551001.0
431019,526258.0
431131,
431248,345911.0
431639,411537.0
431774,562254.0
431924,
431960,439351.0
432160,533916.0
432422,397033.0
432656,
432705,380072.0
432711,581669.0
432712,550995.0
432714,583199.0
432720,566799.0
432735,
432793,
432830,469050.0
432927,532824.0
432931,528888.0
432987,486604.0
432990,554251.0
433019,3580.0
433036,460939.0
433138,463751.0
433154,584769.0
433312,414908.0
433589,533523.0
433590,531957.0
433952,518644.0
433979,533662.0
434024,429563.0
434043,609887.0
434044,621997.0
434138,533913.0
434399,240692.0
434662,465606.0
434752,371851.0
435973,467623.0
435997,346890.0
436234,537382.0
436416,481675.0
436680,486144.0
436893,
437468,366930.0
437476,
437495,542586.0
437499,434224.0
437505,494237.0
437626,
437688,657863.0
437730,583255.0
437738,338629.0
437742,381967.0
437748,381963.0
437753,536507.0
437757,536508.0
437858,487469.0
438098,
438234,445939.0
438277,361260.0
438405,536794.0
438464,543387.0
439135,581330.0
439242,546944.0
439482,547533.0
439483,587018.0
439485,
439509,451677.0
439510,609883.0
440089,540941.0
440113,
440120,561452.0
440123,580030.0
440148,618494.0
440241,520651.0
440323,
440854,425918.0
440955,366729.0
440993,623570.0
441024,559130.0
441164,553875.0
441191,503981.0
441192,568005.0
441240,555076.0
441264,473169.0
441266,478573.0
441271,
441302,485585.0
441428,632349.0
441455,662325.0
442229,401604.0
442335,486477.0
443211,543164.0
443261,559794.0
443296,568535.0
443629,662334.0
443661,566723.0
443967,374139.0
444102,711337.0
444145,
444172,582078.0
444180,684210.0
444181,
444183,
444253,
444463,475411.0
444575,614826.0
444765,541231.0
444880,565821.0
444884,
445044,431755.0
445122,420243.0
445548,567597.0
445550,566888.0
445896,703577.0
446008,413039.0
446189,550829.0
446281,570864.0
447093,465294.0
447107,573132.0
447203,
447235,
447261,574420.0
447325,574448.0
447372,807318.0
447373,583258.0
447715,50057.0
447720,565846.0
447879,
447880,576121.0
447932,633530.0
448047,648195.0
448089,735570.0
448104,659813.0
448482,703474.0
448487,462820.0
448496,580809.0
448514,
448791,
449027,502676.0
449133,670558.0
449429,693095.0
449434,583189.0
449444,581445.0
449781,
449871,485706.0
449926,466802.0
449974,
449988,505653.0
450070,474701.0
450072,412937.0
450197,565684.0
450314,
450434,339314.0
450527,563963.0
450529,
450535,512354.0
450539,587002.0
450541,586986.0
450542,586834.0
450544,581674.0
450550,587019.0
450553,586980.0
451302,336077.0
451310,696762.0
451340,504849.0
451432,498237.0
453537,588412.0
454667,468066.0
455084,596446.0
456350,585550.0
456512,365108.0
456966,610665.0
457569,465555.0
458249,435648.0
458297,538994.0
459373,
460028,614258.0
460029,581679.0
460842,543499.0
461012,655136.0
461013,655142.0
461017,
461023,610649.0
461025,638964.0
461026,614603.0
461080,704801.0
461096,657863.0
461102,
461188,612517.0
461195,
461199,696181.0
461201,633659.0
461212,581683.0
461358,576024.0
461382,
461416,669366.0
461421,627248.0
461446,663225.0
461450,
461453,652979.0
461484,614811.0
461508,626291.0
461529,686837.0
461533,655880.0
461537,620362.0
461548,686845.0
461558,596216.0
461566,640245.0
461567,686839.0
461584,
461585,670987.0
461587,621193.0
461682,631996.0
462116,605184.0
462381,610863.0
462384,610706.0
462387,610581.0
462424,495666.0
462438,652797.0
462491,670861.0
462492,591844.0
462635,503980.0
462831,596821.0
463034,610849.0
463067,538977.0
463210,747951.0
463212,742451.0
463748,493513.0
463903,513245.0
463912,421873.0
463936,670882.0
463981,611793.0
464353,706815.0
464618,614082.0
465247,503883.0
465299,301510.0
465351,601883.0
465390,626888.0
465527,607224.0
465551,566043.0
465572,405686.0
465607,466810.0
465642,521964.0
465680,585959.0
465694,466805.0
465702,538998.0
465730,429915.0
465920,
466052,607223.0
466075,502821.0
466117,538971.0
466404,621993.0
466525,344069.0
466955,
467114,559800.0
467169,602105.0
467189,400536.0
467311,624948.0
467779,415381.0
468243,733494.0
469130,572265.0
469142,576314.0
469247,581672.0
469249,581677.0
469272,607226.0
470255,671074.0
470294,663264.0
470296,719681.0
470313,455661.0
470315,524285.0
471471,635336.0
471798,656316.0
471848,638649.0
472464,640026.0
472713,591949.0
472739,646353.0
472769,743413.0
473341,461833.0
473342,592474.0
474003,
474120,660867.0
474772,646333.0
474803,732120.0
474907,655986.0
474908,655815.0
475123,641458.0
475168,
475480,657817.0
475492,646214.0
476161,744131.0
476344,649317.0
476369,649452.0
476502,649020.0
476887,540664.0
476888,557612.0
476938,490224.0
477064,701057.0
477386,467563.0
477424,475959.0
477547,661208.0
477555,661207.0
477580,659089.0
477717,842341.0
477733,622236.0
477851,654412.0
478028,668265.0
478227,657724.0
478449,746734.0
478912,659459.0
478969,392179.0
479641,667925.0
479683,
480216,431475.0
480455,
480818,696324.0
481283,712181.0
481371,746777.0
481405,462832.0
481510,564529.0
481624,665390.0
481626,539807.0
481655,423440.0
482158,490606.0
482442,568693.0
482609,620322.0
482769,668547.0
482973,432164.0
483081,667121.0
483364,543726.0
483365,672381.0
483391,535927.0
483398,908798.0
484420,633992.0
484658,554284.0
485047,673492.0
485055,725912.0
485337,500689.0
485711,627442.0
486385,595809.0
486520,381753.0
486623,38392.0
486672,687626.0
486870,542690.0
487053,556385.0
487117,648046.0
487676,515544.0
487693,745452.0
487702,745461.0
487818,670840.0
487828,670845.0
487835,670846.0
487836,670859.0
487837,670848.0
487838,670858.0
487968,620598.0
488024,
488213,683571.0
488404,676318.0
488439,592975.0
488464,746833.0
489571,696849.0
489580,633652.0
489639,565093.0
489706,747009.0
489888,532776.0
490000,696892.0
490094,696589.0
490095,751666.0
490098,
490138,540630.0
490142,698164.0
490145,670883.0
490146,696346.0
490150,698151.0
490161,696764.0
490180,696502.0
490503,680806.0
490721,698678.0
490881,654253.0
490885,697280.0
490887,
491007,
491008,
491011,655006.0
491012,670688.0
491279,557459.0
491287,671915.0
491460,700461.0
491501,845289.0
491551,746554.0
491556,726992.0
491557,855890.0
491559,612749.0
491598,703626.0
491745,747598.0
491785,581675.0
491970,712117.0
492066,559801.0
492368,449597.0
492373,597659.0
492374,1219908.0
492776,712099.0
492777,624258.0
492779,706947.0
492831,548729.0
492859,627626.0
493105,811779.0
493121,706822.0
493125,568559.0
493250,536835.0
493347,606576.0
493362,566931.0
493736,936867.0
493837,535479.0
493928,668495.0
493934,711247.0
494041,718250.0
494307,843595.0
494521,654539.0
494541,864480.0
494543,864496.0
494551,1122027.0
494556,1211262.0
494595,598577.0
494779,
494960,514285.0
495024,1045124.0
495145,617009.0
495161,617018.0
495542,591193.0
496178,856479.0
496179,728734.0
496185,732119.0
496208,719673.0
496221,744149.0
496222,801472.0
496228,670877.0
496279,847579.0
496283,895074.0
496661,866655.0
496683,939615.0
497605,724785.0
497606,724783.0
497894,610442.0
497949,661427.0
498016,646991.0
498046,559330.0
499167,964554.0
499169,890721.0
499175,890719.0
499300,938146.0
499309,938158.0
499604,1012564.0
499716,999743.0
499717,954104.0
499721,1011147.0
499724,933900.0
499726,985546.0
499857,731466.0
500016,729264.0
500040,646750.0
500052,745689.0
500058,939290.0
500151,708072.0
500267,730581.0
500696,957224.0
500926,732165.0
501284,734425.0
501468,724529.0
501620,738269.0
501770,714458.0
501837,716276.0
502222,745191.0
502500,739443.0
502697,748319.0
502988,862109.0
503139,855256.0
503300,741236.0
503301,741238.0
503308,583952.0
503714,711999.0
503724,711969.0
504198,546712.0
504296,1018714.0
504598,747153.0
504750,678641.0
504751,745846.0
504783,746695.0
505079,747950.0
505187,622380.0
505265,592988.0
507433,488935.0
508395,717411.0
508479,585323.0
509291,800176.0
509416,667287.0
510281,
510328,801005.0
510362,
510363,
510500,721122.0
510663,709726.0
511499,801734.0
511504,539810.0
511783,491296.0
512462,711544.0
513046,808509.0
513418,473050.0
513433,700106.0
513466,608832.0
513527,654982.0
513588,796305.0
513789,427691.0
513834,724537.0
513836,724530.0
513840,756591.0
513852,746067.0
514154,38376.0
514229,733430.0
514254,996897.0
514277,681615.0
514280,790992.0
514284,814524.0
514287,646710.0
514307,796024.0
514315,743414.0
514356,628451.0
514362,813142.0
514514,922462.0
514613,827440.0
515023,817611.0
515024,817612.0
515046,605426.0
515496,814848.0
515500,128227.0
515501,811778.0
515503,814811.0
515504,726859.0
515571,646738.0
515597,645686.0
515599,818237.0
515621,689637.0
516159,555074.0
516211,776798.0
516234,1033103.0
516250,983702.0
516432,
516874,796037.0
516875,667490.0
516895,820374.0
516939,683895.0
517052,776890.0
517178,758030.0
517179,821522.0
517995,796303.0
517996,825024.0
518030,829299.0
518199,678402.0
518335,827435.0
518438,845321.0
518442,845809.0
518466,780630.0
518467,709960.0
518504,838367.0
518620,743598.0
518892,857792.0
518906,583990.0
519198,670850.0
519223,840640.0
519321,796300.0
519324,878150.0
519325,864788.0
519327,907215.0
519328,796298.0
519440,922461.0
519634,617755.0
519895,541628.0
519913,1049911.0
520295,787232.0
521966,845723.0
523700,746740.0
523705,848509.0
523957,852024.0
524069,624267.0
524070,694901.0
524180,277723.0
524196,852517.0
530117,858191.0
530121,777308.0
530318,860078.0
530335,817665.0
530873,614700.0
531076,746753.0
531170,862297.0
531363,863741.0
531442,864121.0
531989,865993.0
531993,814820.0
531997,866651.0
532135,801420.0
532372,874066.0
532377,874043.0
532528,867700.0
532529,867688.0
532534,867711.0
532535,867710.0
532605,743600.0
533463,823231.0
533710,966671.0
533719,875581.0
534392,874080.0
534836,874902.0
535017,1008553.0
535262,878160.0
535264,871837.0
535301,973085.0
535339,594276.0
535818,658536.0
535928,864799.0
536109,922563.0
536110,875929.0
536119,883539.0
536134,882172.0
536238,922698.0
536241,922695.0
536661,903611.0
536677,921532.0
536681,921513.0
536694,743597.0
536908,888493.0
536916,983989.0
537043,626888.0
537403,887433.0
538182,890718.0
538206,385412.0
538207,609556.0
538210,746739.0
539721,701021.0
541462,994604.0
543158,849410.0
543295,683620.0
544877,730861.0
545477,900601.0
545508,
547027,876631.0
547037,1011140.0
547410,937840.0
547659,472362.0
547668,907219.0
547671,907218.0
547673,921992.0
547676,911424.0
547686,921995.0
547692,906214.0
547693,922472.0
547701,922693.0
547716,922764.0
547719,922769.0
547720,921662.0
547801,1018716.0
548308,859951.0
549014,913214.0
549067,933017.0
549068,926135.0
549074,933018.0
549329,927768.0
549344,741267.0
549640,936842.0
549912,743384.0
549939,834397.0
550090,660860.0
550141,723835.0
550596,936901.0
550615,936874.0
550833,816124.0
550839,743498.0
550864,923831.0
551153,840687.0
551206,706889.0
551210,904802.0
551221,848753.0
551226,880245.0
551230,805714.0
551232,726701.0
551483,
551995,985717.0
552030,802230.0
552425,745851.0
552427,879768.0
553299,
553742,848439.0
553746,940858.0
554194,942497.0
554197,947411.0
554605,890290.0
556637,914269.0
556639,964690.0
559610,1407213.0
559684,953933.0
559962,954105.0
559963,954125.0
560248,955253.0
560262,955357.0
560441,891353.0
560552,900195.0
563324,1005844.0
563883,736251.0
563934,965971.0
564406,967346.0
564505,1004709.0
564510,967948.0
564940,745181.0
565297,834742.0
565431,953135.0
565858,745716.0
565863,980343.0
566164,911736.0
566213,1049020.0
567119,982097.0
567121,978668.0
568159,995863.0
568791,983248.0
569014,897481.0
569577,984593.0
570241,709767.0
570526,866246.0
570929,362559.0
571087,1018837.0
572702,1004203.0
573062,992686.0
573808,974327.0
574398,943560.0
574402,
574458,910905.0
574799,999745.0
575034,888639.0
575204,994536.0
575458,984096.0
575476,1005649.0
575901,1009658.0
576323,982081.0
576620,1085591.0
576628,926309.0
576634,1184840.0
576637,1184841.0
576756,765972.0
576980,1004679.0
577016,1004708.0
577114,991800.0
577285,1023191.0
577669,727089.0
577725,1011131.0
577731,985544.0
577974,1011738.0
577978,1011659.0
578153,763079.0
578512,908890.0
578545,848682.0
578614,724041.0
579075,1047256.0
580921,1056437.0
585472,1031293.0
586268,933215.0
586309,937941.0
587178,1043003.0
587433,1008162.0
588555,1013690.0
588793,903189.0
588796,964561.0
589100,854930.0
589114,965940.0
589121,1044516.0
589507,1043634.0
590012,1047261.0
590014,1047257.0
590035,1047345.0
590039,1047280.0
590040,1047506.0
590760,963878.0
591357,874538.0
591382,1045121.0
591384,1045118.0
591385,1026524.0
591386,1045123.0
591538,967340.0
591539,967318.0
592031,1012534.0
592436,1053908.0
592661,732529.0
592662,979064.0
592712,1099929.0
592736,1047342.0
592740,1065181.0
593001,1060740.0
593174,1011936.0
596042,1055345.0
596047,1042886.0
596054,1065227.0
596572,854722.0
596777,926952.0
597320,1067168.0
597983,1071819.0
599303,1071818.0
600882,1108476.0
601496,1072898.0
601956,1081155.0
601975,717411.0
602903,1107726.0
602934,1080392.0
604211,
604988,1120418.0
605319,1083691.0
606689,1091562.0
606745,1078163.0
606774,1089802.0
606775,854721.0
606798,1063329.0
606921,967319.0
607464,823486.0
608060,1088817.0
608181,950091.0
609640,1010854.0
609873,1107733.0
610799,892160.0
611011,1088818.0
611134,1052439.0
611695,1178758.0
611912,1108471.0
611917,1108475.0
611920,1108465.0
611922,1108466.0
611926,1108049.0
611975,1015619.0
612534,1071138.0
612855,1110406.0
613120,1080903.0
613232,39033.0
613467,1115502.0
613804,1111589.0
614574,998101.0
616059,1131973.0
616065,1294399.0
616077,1187629.0
616094,1108667.0
616221,1086258.0
616222,1005575.0
616286,1255573.0
616288,1187640.0
617054,1082850.0
618027,1131945.0
618873,1133978.0
619146,1135364.0
619536,1078158.0
619734,1135611.0
620408,
620487,989112.0
622536,1144158.0
622758,1145504.0
623095,1004327.0
623110,1134717.0
624773,
626464,1086375.0
626844,942738.0
627888,1160291.0
628204,1141628.0
629068,1122712.0
630664,1171764.0
630699,1081995.0
631106,1172646.0
631786,1069512.0
632822,963879.0
634640,1225825.0
640108,
640419,1196272.0
641221,
643135,
643426,1285021.0
643473,1108668.0
643970,1122308.0
644593,1165131.0
645618,1202361.0
646243,1237740.0
646754,1237073.0
647597,1203143.0
647671,1230661.0
647681,1086619.0
647850,1060087.0
647960,1214634.0
649208,1245948.0
649240,967342.0
651426,1006411.0
653481,
658013,1122668.0
660392,1124005.0
661712,
664015,1300041.0
666607,1146664.0
671606,1336100.0
672492,1348941.0
677945,1340428.0
678552,1323654.0
685628,1370903.0
687076,1328146.0
699989,1322090.0
704232,1352710.0
718875,1414663
